test_question,ground_truth,retrieved_context,answer_A_fewshots,answer_B_dynamic
How do i fill in the return information?,"We hope you are happy with every purchase you make. In certain circumstances, you may want to return some items. Please always submit a ""Return or Exchange"" Ticket to customer service first to obtain the return instructions, including the return address.

Once your return is accepted and you have shipped out the return package, please ensure that the return package information is filled out accurately by following the steps below.

For PC Users

Step 1: Sign into your account and click on My Orders

Step 2: Click on ""Order Detail"" of the order that you returned

Step 3: Click on ""Fill in the Return Info

Step 4: Enter the return information accurately and click on ""Save

For APP Users

Step 1: Sign into your account and click on ""All Orders
Step 2: Click on ""View Details"" of the order that you returned
Step 3: Click on ""Fill in the Return Info
Step 4: Enter the return information accurately and click on ""Confirm
Once saved, we will keep the return information on file for future reference. It usually takes 3~4 weeks to return the item to our return warehouse, and the product needs to be inspected upon arrival at the return warehouse.

We will contact you once we receive the return package and the quality inspection is completed. Thank you for your support and patience.","Example 1:\Question: How do i make a return?\Answer: LightInTheBox hopes you will be satisfied with every purchase you make, but in some cases a customer may want to return an item. You can view the steps in our return process in the chart below:
STEP1	Click'Comfirm Received'then submit a 'Return Or Exchange'Ticket in your order
STEP2	Customer Service reviews your return
STEP3	Customer Service sends you the 'Return Instruction'
STEP4	Follow the 'RETURN Instucion',write down the Order No.on the paper,inculde it in the box and send it to us
STEP5	After receiving package,we'll process your refund/replacement and keep you informed
If you need to return an item you can begin the process by following steps:

Step 1:
Sign into your account and click on ""My Orders"", then find the order you need help with. 

Step 2:
Please confirm that you've received your package, by clicking ""Confirm Received"". Then submit a ""Return Or Exchange"" ticket.

Step 3:

Please select the item you want to return or exchange, then choose your return reason.
Step 4:

In order to provide a more effective support, we've made ""Pop-up notification"" service available as a quick processing path for the return request. Please click ""Prefer to return"" to continue if you do prefer the return/exchange.

 

Step 5:
Please fill out the form, including as many details as possible and uploading photos that clearly show the problem with the item (if necessary).

 

Note:

Our Customer Service team will respond to you within 24 hours.

Customer Service will approve your return and send you the Return Instruction. Please fill it out completely and send your item(s) back to us as soon as possible.

When we have received your package, your return will be processed in 3 to 5 business days and then your refund will be issued.

 

Please note that we currently do not provide a return label or return slip to process for returning. For items with no quality issue, please understand that we will not be responsible for the return shipping cost. 

Example 2:\Question: Return Policy\Answer: Return Policy
We aim to offer services that will benefit all our customers. We hope you are happy with every purchase you make. In certain circumstances, you may want to return some items. Please read our return policy below, we will do our best to assist you.
Returnable items
Items that can be returned/refunded or exchanged within the warranty* follow the criteria as below:
1. Faulty items damaged/broken, or soiled upon arrival.
2. Items received in the incorrect size/color.
*Warranty:  
- 1 year for Faucets and Lights & Lighting Category (excluding Light Bulbs/ LED Strip Lights/ LED String Lights/ Décor & Night Light/ Outdoor Lighting/ Indoor Lighting/ Lighting Accessories)
- 30 days for the rest of the items
 
*7 Days No Reason Return

Within 7 days of you receiving the product, if you wish to return it for personal reasons and the product is still in brand new condition, you may return it for a refund of the item price. You will be responsible for paying the return shipping fees. Please submit a “Return or Exchange” ticket within 7 days of the order being received. 

Note: Items that can be returned/refunded must follow the criteria below:
1. Items are in the original packing with tags.
2. Items are in brand new condition:No perfume, unwashed, unworn, unused, and unaltered.

*14 days for women's swimwear/ Cases & Covers
Return Conditions：
For items with no quality issue, please understand that we will not be responsible for the return shipping cost. All return requests must be authorized by our customer service team before shipping to our returned address. 
Non-Returnable Items
We cannot accept returns under the following conditions:
1. Items outside the warranty time-frame.
2. Washed, worn, used, tag-removed, or misused items.
3. Items under the following categories are non-returnable for customer's reason:CategoriesI	CategoriesII	CategoriesIII	CategoriesIV
ALL	Made-to-order/Made-to-measure/Customized items
Women's Clothing,Men's Clothing,Baby&Shapewear,Lingerie,Underwear,Socks
Weddings&Events	Party Accessories	lingerie,Shapewear,Wedding&Party Jewelry
Sports&Outdoors	lce Skating	ice Skating Dresses,Pants&Jackets	Gymnastics
Lights&Lighting	Light Bulbs	Indoor Lighting	Outdoor Lighting	Ceiling Lights&Fans	Ceiling Lights&Fans	Pendant Lights	Lamps&Lamp Shades
Chandeliers
Wall Lights
Table&Floor Lamp
Home&Garden	Bath Accessories	Bath Fixtures
Faucests/Shower System/Kitchen Tap	Except for Faucet Accessories
Wall Art	Oil Paintings
Consumer Electronics	Automotive	Automotive Equipment&Tools
OBD
Car Electronics
Computer&Office
Computers&Tablets
Laptops,Tablets
Electrical&Tools
3D Printers&Supplies
Security&Safety
CCTV Cameras
Ip Cameras
Toys&Hobbies
Cosplay&Costumes
Zentai Suits,Sexy Costumes,Anime Swimwear,Stockings
Clearance
Beauty&Hair
Health&Personal Card
Personal Protection
Disposable Supplies,Face Masks
*Customer's Reason: no longer needed, bought by mistake, not as expected, changed mind, etc
Before Making a Return Request
For any reason, if you would like to cancel your order while the order is under the shipping process, you will need to wait until you receive the package in hand before making a return request. Because Cross-Border Shipping involves complicated procedures, domestic and international customs clearance, and local and international shipping carriers and agencies.

If you refuse to take the delivery package from the postman or do not pick up your delivery package from your local pick-up stores, our Customer Service will not be able to judge the situation of the package and therefore cannot handle your return requests.

If the package is returned to our warehouse because of a customer's personal reason (Check details below), we'll contact you about re-paying the reshipment postage (by PayPal) and arrange the reshipment. However, please understand that no refund will be issued in this situation.  Details for customer's personal reason:

* Wrong address/no consignee
* Invalid contact information/ no answer to the delivery calls & emails
* Customer refuses to accept package/pay tax fee/ complete customs clearance
* Didn't collect package by the deadline
Return address & refunds
Return address: You will need to send your returning products to our warehouse in Asia. Please always submit a"" Return or Exchange ""Ticket to customer service first to obtain the return address. Please DON'T return your package to any address indicated on the shipping label of the package received, we cannot be held responsible if packages are returned to the wrong address.

Refunds: The refund will be issued to your LightInTheBox Credit Account. You can either use Credits to pay for new order or withdraw it to the original account/card you paid earlier. The original shipping fee and insurance are non-refundable. 
Note:
If you want to return the product, please confirm that you've received your package, by clicking ""Order Received"". Then submit a ""Return or Exchange"" Ticket with supportive proof(photos or videos). We do not provide Return Label service. Please contact our customer service for guidance. After you submit your ticket, our Customer Service will approve your return request according to our policy, warranty, product status, and the proof you provided.

We are also not liable for any aftersales issues that have been mishandled without any prior approval from Lightinthebox. We also require justifications for every claim, such as photo-taking, video proof, etc.

Trackable Packages Inquiry Period

Please note that all shipping companies only accept inquires submitted within the Inquiry Period. If you would like to check for packages you didn't receive, please contact customer service within the required period. Thank you for your cooperation:

* Expedited Express: 30 days from the shipped day
* Expedited Postal/Priority Line/Economy Air: 60 days from the shipped day
* Postal service - tracking: 90 days from the shipped day

Package Delivery Follow-Up & Review Invitation

We'll send a delivery follow-up email to you after a certain shipping period and invite you to share the shopping experience.
* Hope you enjoyed our service. You're welcome to confirm the delivery and write reviews to win shopping rewards. (Our system will auto-confirm the delivery if no update comes from your side.)
* If you haven't received the package yet, please contact Customer service for help.

If you need assistance, please Contact Us.

Example 3:\Question: Who will pay for the return postage?\Answer: If you need to exchange or return the item(s) due to faulty item(s), damaged/broken, mis-shipped or soiled upon arrival, we will bear the shipping fee for the exchanges and returns. If that is not the case, you have to bear the cost of shipping the item(s) to our warehouse.

","To initiate a return request and fill in the necessary return information on our platform, please follow these steps:

1. **Log In to Your Account**: Make sure you are logged into your LightInTheBox account.

2. **Navigate to Returns Section**:
   - Go to ""My Orders"" or ""Order History.""
   - Find the order you wish to return and click on it.
   - Look for a link or button that says “Return Item” or similar.

3. **Fill in Return Information**:
   - Provide your reason for returning the item from the list of options such as: no longer needed, bought by mistake, not as expected, changed mind, etc.
   - Attach pictures to support your return request if necessary (e.g., showing any defects or issues with the product).
   - Enter any additional comments or explanations you may have.

4. **Submit Your Return Request**:
   - Review all information for accuracy and completeness.
   - Click on “Submit” or a similar button to send your return request to our customer service team.

5. **Await Approval**:
   - Our Customer Service will review your request based on the provided proof, product status, and our policy guidelines.
   - If approved, you will receive instructions for returning the item.

If you need further assistance at any point during this process or have additional questions about returns, feel free to contact us. We are here to help ensure a smooth return experience!","To fill in the return information, please follow these steps:

1. **Sign In and Navigate**: Sign into your LightInTheBox account and go to ""My Orders"".
2. **Confirm Receipt**: Click on ""Confirm Received"" for the order you want to return.
3. **Submit Return Request**:
   - Click on ""Return or Exchange"".
   - Select the item(s) you wish to return/exchange.
4. **Provide Details**:
   - Fill out the form with detailed information about why you are returning the item (e.g., damaged, wrong size).
   - Upload photos if necessary to show any issues with the product.
5. **Await Approval**: Our Customer Service team will review your request and respond within 24 hours. They will provide instructions on how to proceed with the return.

Make sure that all items are in their original packaging, unused, unwashed, and unaltered as per our return policy guidelines. Once approved, follow the provided instructions carefully to ensure a smooth return process."
How do i check my status？,"LightInTheBox makes it easy for everyone to keep track of his/her account.

Sign into “My Account” and click on “My Orders” located at the top right of the initial page.

In “My Orders”, you will be able to view all your orders and current status of each ordered item.

On your order details page, various types of help options will be available based on your order status. Please refer to the table below to learn more about the available options at each stage of your order.

If you experience an issue when checking your order status, please reach out to Customer Support.","Example 1:\Question: How can i request a withdrawal?\Answer: If you want to check your credit balance, you may visit here: My Rewards & Credit

Rewards cannot be withdrawn.

Credit can only be withdrawn to the card or account with which you originally used to pay. To withdraw Credit, click the withdraw button in Available Balance on the My Rewards & Credit page.
A record of the withdrawal will be listed on your credit card bill after your withdrawal request is successfully processed. If more than one card was used to pay, you will receive the total withdrawal amount split across each of the cards. Please refer all inquiries regarding the arrival of your refund to your card-issuing institution, as the time required to complete the refund may be affected by your institution's policies and practices.

*Do note that due to payment platform limitations, refunds for some payment methods may not be back to the original payment source if the transaction was completed a long time ago (eg. more than 1 year). In order to finalize the transaction, our customer service will get in touch with you to ask about your PayPal account. Please pay attention to any email/ticket customer service sent to you. Thank you for your understanding and cooperation.

Refund time estimates:

Original Payment Method	Refund time
	via Credit/Debit Card	Up to 30 business days
via PayPal Balance	Instantly
	4-7 business days
	7-14 business days
	4-7 business days
	7-14 business days
	7-14 business days
	7-14 business days
	7-14 business days
	7-14 business days
	7-14 business days

Example 2:\Question: How can i track my package?\Answer: Once an order has been shipped out, we will send you a Shipping Confirmation Email, including your Tracking Number.

To check the status of your package, please click on the link and it will redirect you to DHL or other shipping vendor's website. This function allows you to track your package using the tracking code provided in the email.

You can also track your order in ""My Orders"" by following these 3 steps:

Step 1:

Sign into your account and click ""My Orders"".

Step 2:

Find the related order in your order list and click on the ""Track"" button, or you can open the ""Order Detail"" page, then click the ""Track"" button on the right side.
Note: At this time, tracking is not always available for Postal Service - No Tracking.

Step 3:

After clicking the Track button:

You will be able to view the detailed logistics tracking of your package, as well as specific information about local logistics companies, including their company names and contact information (for most logistics companies).

Example 3:\Question: How to complain about the service?\Answer: We guarantee each customer’s satisfaction. If you’re not satisfied with the service our agent provided, you may complain to the supervisor for help.

 

There is a ""Complain to a Supervisor"" button at the bottom of each ticket page.

 

Please input the details of the problem in the message box and the supervisor will reply to you in 24 hours to solve the problem for you.

","To check the status of your order on LightInTheBox.com, please follow these simple steps:

1. **Log In to Your Account:** Start by logging into your account using the email address or third-party platform you used for registration.

2. **Navigate to Order History:** Once logged in, go to your ""Order History"" section. This is usually found under a tab labeled “Orders,” “My Orders,” or something similar.

3. **Select Your Order:** In the order history list, find and select the specific order you would like to track. Each entry should show details such as the order date, status, and tracking information if available.

4. **View Details:** Click on your selected order to view detailed information about its current status, including any tracking numbers provided by our shipping partners.

If you need further assistance or have any questions regarding your order status, feel free to contact our customer service team. We're here to help!","To check your account status, please follow these steps:

1. Sign into your account.
2. Click on ""My Profile"" or ""Account Settings.""
3. Here, you can view all the information related to your account status, including membership level and any ongoing promotions.

If you are looking for a specific piece of information that is not listed here, feel free to contact our customer service team through the 'Contact Us' option available on the website. We will be happy to assist you further!"
Which payment methods do you accept?,"Payment Methods
Pay with PayPal
The safer, easier way to pay.

When you choose PayPal to pay, you will be redirected to the PayPal payment page, where you can confirm your payment by logging in with your PayPal username and password. You may still check out even without a PayPal account. To do so, please click on ""Pay with Debit/Credit Card"" and you’ll be redirected to a secure page where you can enter your credit card information or complete your payment safely via PayPal.If you don't want to create a new PayPal account, you can click ""Cancel and return to LIGHTINTHEBOX"", go back to the shopping website, and choose another payment method.

Pay With Credit/Debit Card
The credit card schemes listed above are the most commonly used credit cards on this website. Do not worry if your credit card scheme is not listed, we encourage you to go ahead and make the purchase.

Please note that LIGHTINTHEBOX does not collect your credit/debit card number or personal information when you make a payment. For questions regarding your transactions on our site, please consult your card-issuing bank for information.
Pay with Klarna
Buy now, pay later with Klarna in 30 days (Available in Sweden, Germany, France, Norway, Denmark, Finland, Austria): when you choose the option of Pay Later, you will be redirected to Klarna page to enter your personal information. Once Klarna authorize the transaction, we will process your order and then ship it out. You can pay Klarna in 30 days after receiving invoice from Klarna.

Financing with Klarna (also known as Slice it with Klarna, which is available in Sweden, Germany, Norway, Denmark, Finland): when you pay via Financing, you can choose your preferred payment plan to spread the cost of your purchase over 6-36 months. And then you need to complete a credit application from Klarna. If you are approved, we will process your order. And you will make the monthly payment online or in Klarna app using bank transfer or card.

3 interest-free installments with Klarna (Available in United Kingdom):When you place an order using pay in 3 installments with klarna, your payment will be split into 3 equal payments that will be automatically withdrawn from your debit/credit card on file with klarna every 30 days until the order amount is paid in full, There is no interest. In klarna's app, you can also choose to pay off the balance early or even the full balance.

For more information about Klarna payment options, please see the Klarna website:https://www.klarna.com
Pay with Sofort
Pay with Sofort
Pay With Afterpay
4 interest-free installments with Afterpay (Available in Australia, the United States and Canada): When you pay via Afterpay, your payment will be split into 4 equal payments that will be automatically withdrawn from your debit/credit card on file with Afterpay every two weeks. Until the order amount is paid in full, there is no interest. In Afterpay's app, you can also choose to pay off the balance early or even the full balance.
Pay with iDeal
iDeal is an online banking payment method in Netherland,. When you choose a bank with iDeal to pay, you will be redirected to the bank’s page where you can complete the payment by following the page guidance.
Pay with Bancontact
Bancontact is a debit card in Belgium which also supports QR code and APP application to complete payment. When you choose to pay via Bancontact in our website, you will be redirected to Bancontact page where you can enter your card number, or scan QR code using Bancontact APP to confirm your payment.
Pay with Multibanco
Multibanco is an online banking payment method in Portugal. When you choose to pay via Multibanco in our website, you will be redirected to the Multibanco payment page.You will receive the voucher and pay through an ATM with a debit card or at home via the online banking environment.
Pay with P24
P24 is an online banking payment method in Poland. When you choose a bank with P24 to pay, you will be redirected to the bank’s page where you can complete the payment by following the page guidance.
Pay with Google Pay (App only)
Google Pay is Google's mobile payment service. When you place an order with Google Pay you will be redirected to the Google Pay payment page, where you can confirm your payment by using your credit/debit card, enter your credit card information.
Pay with Apple Pay (App only)
Apple Pay is a mobile payment service by Apple Inc. When you place an order using Apple Pay, you will see the Apple Pay payment page, where you can confirm your payment by using your credit/debit card, enter your credit card information.
Pay with Boleto
Boleto Bancário is the leading payment method in Brazil and allows customers to pay online or offline. When you choose to pay via Boleto on our website, you will get a barcode/voucher which you can use to pay in cash, via mobile, or through online banking.
Pay with OXXO
OXXO is the most popular voucher method in Mexico. When you choose to pay via OXXO on our website, you will get a barcode/voucher which you can use to pay via cash in more than 14,000 affiliated stores.
Pay with Wire Transfer
Wire Transfer is made available for purchases of 100 USD or more. When you choose to pay via Wire Transfer on our website, you will get to view our bank details on the next page after clicking ""Purchase"" to submit your order. Next, please head down to your local bank to complete the payment. 

Note: Please tell us after you pay the wire transfer with your order number, the amount paid, the transaction number and the exact date you made the wire transfer.","Example 1:\Question: Do you accept cash on delivery?\Answer: We strive to help anyone in the world buy from LightInTheBox.com by offering a variety of payment methods. Soon we will accept cash on delivery as an available payment method in Middle Eastern countries first. Also it will be gradually available in other countries/regions.

Example 2:\Question: How long will it take for the payment to be accepted?(Why was i charged but the order is still pending?) \Answer: Please understand that processing times for international transactions can take longer than usual. Based on the method of payment, transfer times might vary. 

Timeline to Receive Payment Estimates:paypal-realtime
credit card-realtime
7 days
cred card(installment)-Realtime
Boleto、oxxo（off-line payment)-7 days
wire transfer-up to bank,usually 3-10 days
klarna paylater、klarna installment-realtime
In some cases, PayPal and credit/debit card payments may take up to 24 hours to confirm. We will notify you that we have received the payment by providing an email with the object ""Payment Confirmation for Order#_______ with LightInTheBox.com"".

If you have waited more than normal payment receiving timeline, but your order status is still pending, please double check first, whether you have duplicate orders of which the payment has already been confirmed. If you need further help, feel free to contact Customer Support.

Example 3:\Question: What is the Rewards & Credit Balance?Where to check?\Answer: Your Rewards & Credit balance can be used on future purchases from LightInTheBox.com and cannot be used on any other websites.
You can check your balance anytime in My Rewards & Credit

","At LightInTheBox, we strive to provide a variety of convenient and secure payment options to cater to our global customers. The accepted payment methods include:

- Credit/Debit Cards (Visa, MasterCard, American Express)
- PayPal
- WebMoney

Please note that some payment options may vary based on your location or the specifics of your order. If you encounter any issues with a particular method, feel free to contact our customer service for assistance in selecting an alternative payment option. We aim to make your shopping experience as smooth and secure as possible!","At LightInTheBox.com, we offer a variety of convenient payment options to cater to our global customer base. The available payment methods include:

- PayPal
- Credit Card (Visa, MasterCard, American Express, Discover)
- Debit Card
- Boleto (for Brazil customers only)
- OXXO (for Mexico customers only)
- Klarna Pay Later & Klarna Installment
- Wire Transfer

Please note that the availability of certain payment methods may vary depending on your location. If you have any specific questions or need assistance with a particular method, feel free to contact our Customer Support team for further help."
Why i can't find my order in my account?,"The possible reason that you are unable to see the order in your account has been detected as following:

1.Incorrect user account as logged

There are several ways to order from the LITB store. In other words, it is critical to identify the correct user account in order to locate the order number accordingly.

*Can you receive order notification email?
If so, the email address is your login account

*Is it possible that you paid the order directly via PayPal without registration?
If so, your PayPal account is the login account
You can click ""Forgot password"" to get a new one, or you can search in your email inbox to find out the previous password.

*Did you use Facebook/Google/Mobile Phone to login before?
If so, the social account is your login account. You can use the same way to login and you will find your order in the account.

2.Incorrect Merchant Channel as logged

Make sure whether you have placed the order on LightInTheBox.com or MiniInThebox.com. You had better look up the order related email notifications to make it right.

3.User account logged via mobile browser

You want to check status of your paid order as logged via mobile browser, but it is nowhere to be found. As suggested, for more details about orders or shipping, download our App to check all your orders.

Please go visit our website by logging in with your COMPUTER (www.lightinthebox.com) or download the LightInTheBox APP via your phone. Once you login, you will be able to check order status.

If you tried the above solutions but all failed, please click ""Need Help"" to contact Customer support","Example 1:\Question: Why i haven't received order confirmation email?\Answer: When the order confirmation email will be sent?
You weill be charged for your order when your payment status is changed to ”Payment received“(for further information about order satus,click[Here]）.We will then confirm your payment and begin processing your order right away.In some cases,PayPal and credit/debit/debit card payments by providing the email entitled,”Payment Confirmation for Order#_with Lightin TheBox.con

if you have‘t received an order confirmation email,it is likely the result of one or two thing:

1.Your payment hasn't been received yet
The time it takes to process your payment depends on the payment method you have used. It can also vary by bank and country. Please check your transaction records to confirm whether the payment has been charged successfully.
Timeline to Receive Payment Estimates:
paypal-realtime、credit card-realtime-7 days、credit card(installment)-Realtime、Boleto、oxxo（off-line payment)-7days、wire transfer-up to bank,usually 3-10 day、klarna paylater、klarna installment-realtime
2.Your payment is under payment reviewing
To ensure payment safety, there will be a payment verification process which normally takes no longer than 24 hours. Please wait patiently and check the status of your order later. If there is further information required from you, we will keep you informed.
We suggest that you may wait at least 24 hours to receive the order confirmation email. Alternatively, you can visit ""My Orders"" page to check the status of your orders.
3. You have entered an incorrect email address with your order
If you have been charged but haven’t received an email confirmation after 24 hours, please check the email address that you have registered with us whether it is the correct email address. In case it was wrote incorrectly, please refer to “How to change my account/email address” for further help.
4. Your confirmation email was blocked or filtered
It happens that legitimate emails are being blocked or moved to the Junk folder. So please, don't forget to check also your junk or spam folder to ensure that your email provider hasn’t misfiled the email.

Example 2:\Question: How to order\Answer: It is easy to purchase a product you like on Lightinthebox. Please follow the steps below to make a purchase. Enjoy your shopping!

Step 1:
Log into your Lightinthebox account:
Sign in/ Register with your email or third-party platform.

Step 2:
Browse the products and add product(s) you like to your shopping cart:
1. Choose items that you like and select a color, size, and the quantity you would like to purchase.

Tip: If you're not so sure about sizing, you can always refer to our Size guide.
2. Review the item and your selected color, size, and quantity then click ADD TO CART.

Step 3:
Review your cart:
1. After adding all the desired items to your cart, click on the cart icon or a similar symbol to review your order. Check the quantities, sizes, colors, and prices of the products. You can also remove any items or update quantities in the cart.
2. When you're ready to checkout, click CHECKOUT.

Step 4:
Fill in your shipping information and save:
1. Provide your shipping address, contact details, and any additional information required for the delivery of your order.

Step 5:
Submit your order:
1. Choose a shipping method.
2. Review your order summary. If you have a coupon available, make sure to apply it.
3. When you're all ready to place the order, click CONTINUE.
4. Select payment method and PURCHASE. Choose your preferred payment method from the available options then submit your order.

Following these steps should help you successfully place an order on Lightinthebox, we hope you enjoy shopping at Lightinthebox!


Example 3:\Question: How to receive the invoice of my order？\Answer: We’re sorry that our website don’t have invoice self-download service. However, you may contact customer service to request a invoice of your order. 

You may submit a “Resolve Customs Duties Issue” ticket to customer service once your package is shipped. Customer Service will provide the invoice to you in 24 hours. 

","If you're having trouble finding your order in your account, there are a few steps you can take to resolve this issue:

1. **Check the Order Status Page**: Make sure that the order is complete and has been processed successfully. Sometimes orders might not show up immediately if they are still being processed.

2. **Verify Your Account Information**: Ensure that you're logged in with the correct account where the order was placed. If you have multiple accounts, please check each one.

3. **Order Confirmation Email**: Look for any confirmation emails from LightInTheBox regarding your order. These emails usually contain a link to view your order details directly.

4. **Customer Support**: If you still can't locate your order after checking the above steps, feel free to contact our customer service team. We will be happy to assist you and help you find your order.

If you need further assistance or have any other questions, please don’t hesitate to reach out!","When an order isn’t visible in your account, it could be due to a few reasons:

1. **Order Status**: Your order may not have been processed yet if the payment is still pending or under review.
2. **Payment Confirmation**: Ensure that you’ve received confirmation of your payment being successful. Once this happens, your order will appear in your account.
3. **Incorrect Email Address**: Double-check the email address associated with your LightintheBox account to make sure it’s correct and matches what was used for placing the order.
4. **Order Cancellation or Refund Request**: If you’ve initiated a cancellation or refund request, this might affect visibility in your account.

Please wait at least 24 hours after making the payment to see if the order appears. Alternatively, visit the ""My Orders"" page to check the status of your orders. If you still can't find it after checking these points, feel free to contact our customer service for further assistance."
Where will the refund be issued?,"If you paid online, the refund will be issued depending on the payment method used. It will either be credited to your LightInTheBox Credit Account or returned to the original account/card that was used for payment. Please follow the instructions provided by the customer support team to check the progress of your refund.

If you paid offline, our customer service department will contact you to explain the detailed refund process. Please follow their instructions to check how and where your refund will be issued.","Example 1:\Question: Who will pay for the return postage?\Answer: If you need to exchange or return the item(s) due to faulty item(s), damaged/broken, mis-shipped or soiled upon arrival, we will bear the shipping fee for the exchanges and returns. If that is not the case, you have to bear the cost of shipping the item(s) to our warehouse.

Example 2:\Question: How do i make a return?\Answer: LightInTheBox hopes you will be satisfied with every purchase you make, but in some cases a customer may want to return an item. You can view the steps in our return process in the chart below:
STEP1	Click'Comfirm Received'then submit a 'Return Or Exchange'Ticket in your order
STEP2	Customer Service reviews your return
STEP3	Customer Service sends you the 'Return Instruction'
STEP4	Follow the 'RETURN Instucion',write down the Order No.on the paper,inculde it in the box and send it to us
STEP5	After receiving package,we'll process your refund/replacement and keep you informed
If you need to return an item you can begin the process by following steps:

Step 1:
Sign into your account and click on ""My Orders"", then find the order you need help with. 

Step 2:
Please confirm that you've received your package, by clicking ""Confirm Received"". Then submit a ""Return Or Exchange"" ticket.

Step 3:

Please select the item you want to return or exchange, then choose your return reason.
Step 4:

In order to provide a more effective support, we've made ""Pop-up notification"" service available as a quick processing path for the return request. Please click ""Prefer to return"" to continue if you do prefer the return/exchange.

 

Step 5:
Please fill out the form, including as many details as possible and uploading photos that clearly show the problem with the item (if necessary).

 

Note:

Our Customer Service team will respond to you within 24 hours.

Customer Service will approve your return and send you the Return Instruction. Please fill it out completely and send your item(s) back to us as soon as possible.

When we have received your package, your return will be processed in 3 to 5 business days and then your refund will be issued.

 

Please note that we currently do not provide a return label or return slip to process for returning. For items with no quality issue, please understand that we will not be responsible for the return shipping cost. 

Example 3:\Question: Return Policy\Answer: Return Policy
We aim to offer services that will benefit all our customers. We hope you are happy with every purchase you make. In certain circumstances, you may want to return some items. Please read our return policy below, we will do our best to assist you.
Returnable items
Items that can be returned/refunded or exchanged within the warranty* follow the criteria as below:
1. Faulty items damaged/broken, or soiled upon arrival.
2. Items received in the incorrect size/color.
*Warranty:  
- 1 year for Faucets and Lights & Lighting Category (excluding Light Bulbs/ LED Strip Lights/ LED String Lights/ Décor & Night Light/ Outdoor Lighting/ Indoor Lighting/ Lighting Accessories)
- 30 days for the rest of the items
 
*7 Days No Reason Return

Within 7 days of you receiving the product, if you wish to return it for personal reasons and the product is still in brand new condition, you may return it for a refund of the item price. You will be responsible for paying the return shipping fees. Please submit a “Return or Exchange” ticket within 7 days of the order being received. 

Note: Items that can be returned/refunded must follow the criteria below:
1. Items are in the original packing with tags.
2. Items are in brand new condition:No perfume, unwashed, unworn, unused, and unaltered.

*14 days for women's swimwear/ Cases & Covers
Return Conditions：
For items with no quality issue, please understand that we will not be responsible for the return shipping cost. All return requests must be authorized by our customer service team before shipping to our returned address. 
Non-Returnable Items
We cannot accept returns under the following conditions:
1. Items outside the warranty time-frame.
2. Washed, worn, used, tag-removed, or misused items.
3. Items under the following categories are non-returnable for customer's reason:CategoriesI	CategoriesII	CategoriesIII	CategoriesIV
ALL	Made-to-order/Made-to-measure/Customized items
Women's Clothing,Men's Clothing,Baby&Shapewear,Lingerie,Underwear,Socks
Weddings&Events	Party Accessories	lingerie,Shapewear,Wedding&Party Jewelry
Sports&Outdoors	lce Skating	ice Skating Dresses,Pants&Jackets	Gymnastics
Lights&Lighting	Light Bulbs	Indoor Lighting	Outdoor Lighting	Ceiling Lights&Fans	Ceiling Lights&Fans	Pendant Lights	Lamps&Lamp Shades
Chandeliers
Wall Lights
Table&Floor Lamp
Home&Garden	Bath Accessories	Bath Fixtures
Faucests/Shower System/Kitchen Tap	Except for Faucet Accessories
Wall Art	Oil Paintings
Consumer Electronics	Automotive	Automotive Equipment&Tools
OBD
Car Electronics
Computer&Office
Computers&Tablets
Laptops,Tablets
Electrical&Tools
3D Printers&Supplies
Security&Safety
CCTV Cameras
Ip Cameras
Toys&Hobbies
Cosplay&Costumes
Zentai Suits,Sexy Costumes,Anime Swimwear,Stockings
Clearance
Beauty&Hair
Health&Personal Card
Personal Protection
Disposable Supplies,Face Masks
*Customer's Reason: no longer needed, bought by mistake, not as expected, changed mind, etc
Before Making a Return Request
For any reason, if you would like to cancel your order while the order is under the shipping process, you will need to wait until you receive the package in hand before making a return request. Because Cross-Border Shipping involves complicated procedures, domestic and international customs clearance, and local and international shipping carriers and agencies.

If you refuse to take the delivery package from the postman or do not pick up your delivery package from your local pick-up stores, our Customer Service will not be able to judge the situation of the package and therefore cannot handle your return requests.

If the package is returned to our warehouse because of a customer's personal reason (Check details below), we'll contact you about re-paying the reshipment postage (by PayPal) and arrange the reshipment. However, please understand that no refund will be issued in this situation.  Details for customer's personal reason:

* Wrong address/no consignee
* Invalid contact information/ no answer to the delivery calls & emails
* Customer refuses to accept package/pay tax fee/ complete customs clearance
* Didn't collect package by the deadline
Return address & refunds
Return address: You will need to send your returning products to our warehouse in Asia. Please always submit a"" Return or Exchange ""Ticket to customer service first to obtain the return address. Please DON'T return your package to any address indicated on the shipping label of the package received, we cannot be held responsible if packages are returned to the wrong address.

Refunds: The refund will be issued to your LightInTheBox Credit Account. You can either use Credits to pay for new order or withdraw it to the original account/card you paid earlier. The original shipping fee and insurance are non-refundable. 
Note:
If you want to return the product, please confirm that you've received your package, by clicking ""Order Received"". Then submit a ""Return or Exchange"" Ticket with supportive proof(photos or videos). We do not provide Return Label service. Please contact our customer service for guidance. After you submit your ticket, our Customer Service will approve your return request according to our policy, warranty, product status, and the proof you provided.

We are also not liable for any aftersales issues that have been mishandled without any prior approval from Lightinthebox. We also require justifications for every claim, such as photo-taking, video proof, etc.

Trackable Packages Inquiry Period

Please note that all shipping companies only accept inquires submitted within the Inquiry Period. If you would like to check for packages you didn't receive, please contact customer service within the required period. Thank you for your cooperation:

* Expedited Express: 30 days from the shipped day
* Expedited Postal/Priority Line/Economy Air: 60 days from the shipped day
* Postal service - tracking: 90 days from the shipped day

Package Delivery Follow-Up & Review Invitation

We'll send a delivery follow-up email to you after a certain shipping period and invite you to share the shopping experience.
* Hope you enjoyed our service. You're welcome to confirm the delivery and write reviews to win shopping rewards. (Our system will auto-confirm the delivery if no update comes from your side.)
* If you haven't received the package yet, please contact Customer service for help.

If you need assistance, please Contact Us.

","The refund for your purchase will be issued to the same payment method that was used for the original transaction. If you paid using a credit card or PayPal, the refund will typically go back to the original account within 5-7 business days after our customer service team approves your return request and processes the refund.

If you have any further questions regarding your specific order or refund process, feel free to reach out to us!","The refund will be issued to your LightInTheBox Credit Account. You can either use Credits to pay for new orders or withdraw them to the original account/card you used for payment earlier. Please note that the original shipping fee and insurance are non-refundable. If you need further assistance, feel free to contact our Customer Service team."
What shipping methods do you offer?,"Below are the estimated shipping times for in-stock merchandise to be shipped from our warehouses. Those In-stock merchandise may have different processing times, which will be listed online within the product's description. Total order fulfillment time can be estimated accordingly.
Shipping Time
Shipping Method	Region	Delivery Time 
(business days)	Peak Season Delivery Time(business days)
Postal Service-No Tracking
Postal Service-Tracking	Brazil, Russia, Italy, Argentina, Chile, Mexico	15-35	20-45
All Other Countries	10-20	15-30
Expedited Postal	Russia, Brazil	10-25
Latin America (excluding Brazil)	7-15
All Other Countries	5-8
*Priority Line	The United States	4-7
Expedited Express	Worldwide (excluding Russia, Brazil & Greece)	3-5
Name for *Priority Line:
The United states	Economy Air
The other countries	Priority Line","Example 1:\Question: Where do you ship from?\Answer: We are a global procurement company that specializes in worldwide shipping from our network of warehouses. To ensure timely delivery, we will ship your order from the warehouse of the responsible supplier near to your country. In the event that the desired product is out of stock at that warehouse, we will swiftly relocate it to another warehouse and ship it from there. Therefore, your orders may be shipped from different countries. Thank you for your inquiry and understanding.

Rest assured that our dedicated team conducts thorough inspections of all products before shipment to maintain the highest quality standards. We are committed to providing you with the best experience possible.

Example 2:\Question: What countries or regions do you ship to?\Answer: LightInTheBox.com ships worldwide to nearly every country across the globe, covering North and South America, Europe, Asia, Africa, Oceania, and more. We employ the services of major, trusted international carriers to ensure your package arrives to your destination safely and securely. Please refer to the chart below to check if we ship to your country.
Europe
Albania
Andorra
Austria
Belarus
Belgium
Bosnia
Bulgaria
Croatia
Czech Republic
Denmark
Estonia
Faeroe Islands
Finland
France
Germany
Gibraltar
Greece
Guernsey
Hungary
Iceland
Ireland
Italy
Jersey
Latvia
Liechtenstein
Lithuania
Luxembourg
Macedonia
Malta
Moldova
Monaco
Montenegro
Netherlands
Norway
Poland
Portugal
Romania
Russia
San Marino
Serbia
Slovakia
Slovenia
Spain
Sweden
Switzerland
Turkey
Ukraine
United Kingdom
Vatican City State
Americas
Anguilla
Antigua & Barbuda
Argentina
Aruba
Bahamas
Barbados
Belize
Bermuda
Bolivia
Brazil
Canada
Cayman Islands
Chile
Colombia
Costa Rica
Dominica
Dominican Republic
Ecuador
El Salvador
French Guiana
Guyana
Greenland
Grenada
Guadeloupe
St. Pierre & Miqurlon
Guatemala
Haiti
Honduras
Jamaica
Martinique
Mexico
Montserrat
NL Antilles
Nicaragua
Panama
Paraguay
Peru
Puerto Rico
St. Barthelemy
St. Kitts & Nevis
St. Lucia
St. Martin
Suriname
Trinidad & Tobago
United States
Uruguay
Venezurla
St. Vincent & the Grenadines
Africa
Algeria
Angola
Benin
Botswana
Burkina Faso
Burundi
Cameroon
Canary Islands
Cape Verde
Chad
Comoros
Cote D'Ivoire
Djibouti
Egypt
Ethiopia
Gabon
Gambia
Ghana
Guinea
Guinea Equatorial
Guinea-Bissau
Kenya
Lesotho
Liberia
Madagascar
Malawi
Mali
Mauritania
Mauritius
Mayotte
Morocco
Mozambique
Namibia
Niger
Nigeria
Reunion
Rwanda
Senegal
Seychelles
Sierra Leone
Somaliland
South Africa
Swaziland
Tanzania
Togo
Tunisia
Uganda
Western Sahara
Zambia
Zimbabwe
Sao Tome & Principe
Asia
Armenia
Azerbaijan
Bahrain
Bangladesh
Bhutan
Brunei
Cambodia
China
Cocos (Keeling) Islands
Cyprus
East Timor
Georgia
Hong Kong
India
Indonesia
Israel
Japan
Jordan
Kazakhstan
South Korea
Kuwait
Kyrgyzstan
Laos
Lebanon
Macau
Malaysia
Maldives
Mongolia
Myanmar
Nepal
Oman
Pakistan
Philippines
Qatar
Saudi Arabia
Singapore
Sri Lanka
Taiwan
Tajikistan
Thailand
Turkmenistan
Uzbekistan
Vietnam
Oceania
American Samoa
Australia
Christmas Island
Cook Islands
Falkland Islands
Fiji
French Polynesia
Guam
Kiribati
Marshall Islands
Micronesia
Nauru
New Caledonia
New Zealand
Niue
Norfolk Island
Northern Mariana
Palau
Papua New Guinea
Pitcairn Islands
Samoa
Solomon Islands
St. Helena
Tokelau
Tonga
Tuvalu
Vanuatu
Wallis and Futuna

Example 3:\Question: How do i calculate shipping costs?\Answer: The shipping costs vary with the item(s), destination address, and the shipping method. You can see multiple shipping cost options on your check-out page.  

Step 1: Add the item(s) you are interested into your shopping cart, and click “Proceed to Checkout. 

Step 2: Complete your shipping address

Step 3: Select the shipping method according to your need

*Add duty & tax insurance to your order, why?

-If you buy Duty & Tax Insurance and your package is charged additional duties and taxes upon delivery, please contact our Customer Service and we will compensate the duty and tax you have paid.


*Add shipping insurance to your order, why?

-Shipping insurance offers premium protection and safety for your valuable items during international shipping. We'll reship your package immediately at no extra charge if it's reported lost or damaged.

","We offer several convenient shipping methods to cater to different needs and preferences. The specific options available will depend on the destination country of your order.

For most countries, we typically provide:

- Standard Shipping: This is our economical option with an estimated delivery time ranging from 15 to 30 business days.
- Expedited Express: For faster delivery, this service usually takes about 4 to 7 business days (6~9 calendar days).

Please note that shipping times are estimates and may vary based on customs clearance processes in your country. You can check the exact ""Tailoring time"" and ""Shipping Time"" for your order by visiting the product page.

If you have any specific requirements or need further details about a particular shipping method, feel free to contact our customer service team!","We offer a variety of shipping methods to cater to different needs, ensuring that you can choose the option best suited for your requirements. Here are some of our primary shipping options:

1. **Standard Shipping**: This is our most economical option and includes tracking information. It typically takes 7-20 business days depending on your location.
   
2. **Express Shipping**: For customers who need their items quickly, we offer express shipping with expedited delivery times ranging from 3-7 business days.

3. **Economy Shipping**: This is a cost-effective option for larger orders and bulk shipments. Delivery time can range from 14-30 business days.

Please note that the exact shipping method available to you will depend on your location, as we partner with different carriers around the world to ensure reliable delivery services. You can review all available options during checkout when entering your shipping address.

If you have any specific requirements or questions about these methods, feel free to reach out to our customer service team for further assistance!"
How Can I Calculate the Total Delivery Time?,"The Total Delivery Time consists of (a) Processing Time and (b) Shipping Time.

TWO different parts. When customers calculate the total delivery time, please take both processing time and shipping time in consideration.

(a) Processing time: is the time it takes to get your order ready to leave our warehouses. This includes preparing your items, performing quality checks, and packing for shipment. Processing time will be displayed on the product detail page after the size/color etc options have been chosen.
(b) Shipping time: is the time it takes to reach your destination address after the package is shipped out. It depends on the shipping method you choose. Also it shows business days delivery, so please take weekends into consideration when counting the estimated delivery date.

Additional Information
1. Made-to-Order / Made-to-Measure products.

For wedding&events dresses, our tailors will start to make the dress once the payment is confirmed. So the tailoring time might be longer than that of other products. You will find the “Tailoring Time” on the product page.
2. In-Stock Products.
Some colors or sizes of some products may be in stock. You will find the “ships in 24 hrs”tag on these colors or sizes. If all items in the order have this tag, the whole order can be shipped in 24 hours. However, if only part of the order has this tag, the order will be shipped once all items are ready.

P.S.
Processing time differs from category to category, and shipping time differs by the shipping methods you chose. For checking the precise processing time, please check the exact product page.

Holidays Reminder
During week-long Chinese holidays, Chinese National Day and Chinese New Year, services from certain suppliers and carriers may be affected, meaning that deliveries for order placed around these holidays may be delayed 2-4 working days.","Example 1:\Question: How do i calculate shipping costs?\Answer: The shipping costs vary with the item(s), destination address, and the shipping method. You can see multiple shipping cost options on your check-out page.  

Step 1: Add the item(s) you are interested into your shopping cart, and click “Proceed to Checkout. 

Step 2: Complete your shipping address

Step 3: Select the shipping method according to your need

*Add duty & tax insurance to your order, why?

-If you buy Duty & Tax Insurance and your package is charged additional duties and taxes upon delivery, please contact our Customer Service and we will compensate the duty and tax you have paid.


*Add shipping insurance to your order, why?

-Shipping insurance offers premium protection and safety for your valuable items during international shipping. We'll reship your package immediately at no extra charge if it's reported lost or damaged.

Example 2:\Question: Why isn't my package delivered in 5 days since i paid for expedited express？\Answer: Please understand the 3~5 business days is only for shipping via Expedited Express, which does not include the processing time fo the item(s). The Total Delivery Time consists of processing time and shipping time, TWO different parts.

Processing time: is the time it takes to get your order ready to leave our warehouses.

This includes preparing your items, performing quality checks, and packing for shipment. Processing time will be displayed on the product detail page after the size/color etc options have been chosen.

*For Made-To-Measure item: Processing time is simply the Tailoring time displayed on the product detail page.

*For Items marked Ships in 24: Processing time is guaranteed to be shorter than 24 hours.

Shipping time: is the time it takes to reach your destination address after the package is shipped out. It depends on the shipping method you choose. Also it shows business days delivery, so please take weekends into consideration when counting the estimated delivery date.

Example 3:\Question: How can i track my package?\Answer: Once an order has been shipped out, we will send you a Shipping Confirmation Email, including your Tracking Number.

To check the status of your package, please click on the link and it will redirect you to DHL or other shipping vendor's website. This function allows you to track your package using the tracking code provided in the email.

You can also track your order in ""My Orders"" by following these 3 steps:

Step 1:

Sign into your account and click ""My Orders"".

Step 2:

Find the related order in your order list and click on the ""Track"" button, or you can open the ""Order Detail"" page, then click the ""Track"" button on the right side.
Note: At this time, tracking is not always available for Postal Service - No Tracking.

Step 3:

After clicking the Track button:

You will be able to view the detailed logistics tracking of your package, as well as specific information about local logistics companies, including their company names and contact information (for most logistics companies).

","To calculate the total delivery time for your order on LightInTheBox.com, please follow these steps:

1. **Check Tailoring Time**: All dresses (including standard sizes) are handmade and can take between 7-19 business days to complete from the moment payment is confirmed.

2. **Review Shipping Time**:
   - Standard shipping: Typically takes about 15-30 business days.
   - Expedited Express: Usually arrives within 4-7 business days (6~9 calendar days).

You can find specific details regarding tailoring and processing times, as well as shipping options, on the product page of each item you are interested in purchasing.

**Example Calculation**:
If your order is for a custom dress with standard shipping:

- Tailoring Time: 10 business days
- Shipping Time (Standard): 20 business days

Total Delivery Time = Tailoring Time + Shipping Time  
= 10 business days + 20 business days  
= **30 business days**

For Expedited Express, the calculation would be:
- Tailoring Time: 7 business days
- Shipping Time (Expedited): 5 business days

Total Delivery Time = Tailoring Time + Shipping Time  
= 7 business days + 5 business days  
= **12 business days**

Please note that these times are estimates and can vary based on unforeseen circumstances. We recommend checking the specific details provided for your order to get an accurate delivery timeline.

If you have any further questions or need assistance, feel free to contact our customer service team!","The total delivery time for your order is composed of two parts: processing time and shipping time. Here’s how you can calculate it:

**Processing Time:** This is the period required to prepare your items, perform quality checks, and package them for shipment from our warehouse. The processing time varies depending on the type of item(s) ordered:
- For Made-To-Measure items, the processing time is equivalent to the tailoring time displayed on the product detail page.
- For items marked ""Ships in 24"", the processing time is guaranteed to be less than 24 hours.

**Shipping Time:** This is the duration it takes for your package to reach you after being shipped out. The shipping time depends on the method you choose during checkout, which can range from standard delivery to expedited express service.

To find the exact total delivery time:
1. Check the product detail page for processing time information.
2. Review the shipping options available at checkout and select your preferred method based on its associated shipping time.

Please note that weekends and holidays are not included in business days when calculating the estimated delivery date."
Why i can't use my coupon/rewards?,"Sometimes, it looks like no coupons/rewards are available. In this case, you can check the following:1.Is your coupon/reward still valid? You can find this out by going to ""My Coupons""/""My Rewards & Credit"".

My Coupons
My Coupons

If the coupon/reward status says Expired or Used, this means that you can’t use the coupon/reward anymore.


2.Are you meeting the minimum spending requirements?

For example, if a coupon/reward is only valid for items over US $50, but the total item value is the only US $40, you can’t use the coupon/reward.


3.Have you checked the coupon/reward terms?

Some coupons/rewards are only valid on our app/website or can be used for specific shipping methods/conditions only.

4.Check whether you bought an item with a “ coupon/rewards not applicable” reminder on the product page

Some special products are unfortunately not eligible and don't accept coupons/rewards yet.","Example 1:\Question: How can i use my Rewards & Credit Balance/Coupon?\Answer: Your Rewards & Credit balance/Coupon will be automatically applied towards your next eligible purchase on LightInTheBox.com.
Coupons/Rewards can be used in the next step:
Kindly note normally Rewards Balance & Coupon have an expiration date and minimum order amount restrictions. It depends on special circumstances when Rewards/Coupons were earned. You can check the details on the ""My Rewards & Credit"" and ""My Coupons"" page.

No restrictions on the application of Credit Balance.

Example 2:\Question: How can i ues my Rewards & Credit Balance/Coupon?\Answer: Your Rewards & Credit balance/Coupon will be automatically applied towards your next eligible purchase on LightInTheBox.com.
Your Rewards & Credit balance/Coupon will be automatically applied towards your next eligible purchase on LightInTheBox.com.

Example 3:\Question: How do i earn Rewards & Credit?\Answer: Rewards:

There are multiple ways to earn Rewards.

1. A Member that makes a Qualifying Purchase (defined below) may earn Rewards equal to 1% of the Net Amount (defined below) paid for that purchase.

Qualifying Purchase means a purchase placed online of one or more products from LightInTheBox.com that is paid in full.

Net Amount means the cash amount paid by the Member for the product(s) purchased in the Qualifying Purchase after applying discounts or other Rewards & Credits or deductions.

2. Promotional Events will be held periodically during which promotional Rewards can be earned according to the Event Rules.

Restrictions:
- Rewards are not awarded for purchases paid for in their entirety with Rewards & Credit. The balance of a Purchase paid for in part with Rewards & Credit is eligible to earn Rewards on the portion of the balance not paid for with Rewards & Credit.
- Rewards will be posted to your Rewards & Credit account once delivery is confirmed and you have written a review on the items in your order.
- Rewards awarded are rounded down to the nearest cent, excluding JPY, CLP, NOK, DKK, SEK, KRW, which are rounded down to the nearest whole unit.

When will my accrued Rewards post to my account?
Rewards will be posted to your Rewards & Credit account once delivery is confirmed and you have written a review on the items in your order.

You can follow these five steps to complete your review.


Step 1 Click the “Confirm Package Received” button on either your ‘My Orders’ page or your ‘Order Details’ page. If we have already confirmed you have received the items, you can still click the “Write a Review” button on these pages instead of the “Confirm Package Received” button.
Step 2 Click the “Confirm” button to be taken to the ‘Package Review’ page.
Step 3 On the ‘Package Review’ page, please complete your review.
Step 4 Once you successfully submit your review, your Rewards for this order will be posted to your Rewards & Credit account, and you will be taken to your ‘Order Details’ page, which will display your updated Rewards balance.
Step 5 You can check your Rewards & Credit Balance on the Rewards & Credit page.

","It sounds like you're having trouble using your coupon or rewards. Let's look into this together!

Coupons and Rewards have specific conditions for their usage, such as an expiration date and a minimum order amount. Please check the ""My Rewards & Credit"" and ""My Coupons"" page to verify these details.

If there are any issues with applying them, feel free to reach out to our customer service team by providing us with your order number or coupon/reward code so we can assist you further. We're here to help ensure that you get the most out of your rewards!

Is there anything specific about your coupon or reward that's causing confusion?","There could be several reasons why you're unable to use your coupon or rewards. Here are a few common scenarios:

1. **Expiration Date**: Ensure that your coupon or reward has not expired. Coupons and rewards often have specific expiration dates.
2. **Minimum Order Amount**: Check if the minimum order amount required for using the coupon/reward is met. Some coupons require you to spend a certain amount before they can be applied.
3. **Eligibility Restrictions**: Certain promotions may only apply to specific products or categories. Make sure your purchase qualifies under these restrictions.

If you're still unsure, please provide more details about the coupon/reward and the error message you received, so I can assist further."
Can i reject the package if i changed my mind?,"For any reason, if you would like to reject the package while the parcel is under the shipping process, you will need to wait until you receive the package in hand before making a return request.

If you refuse to take the delivery package from the postman or do not pick up your delivery package from your local pick-up stores, our Customer Service will not be able to judge the situation of the package and therefore cannot handle your return requests.

If the package is returned to our warehouse because of a customer's personal reason (Check details below), we'll contact you about re-paying the reshipment postage (by PayPal) and arrange the reshipment. However, please understand that no refund will be issued in this situation.  Details for customer's personal reason:

* Wrong address/no consignee
* Invalid contact information/ no answer to the delivery calls & emails
* Customer refuses to accept package/pay tax fee/ complete customs clearance
* Didn't collect package by the deadline","Example 1:\Question: Can i change shipping address?\Answer: -- Change the shipping address regarding the unshipped order you have placed
After sign in to “My Orders”, you can easily find each order you've placed and its current status.  You can open each Order Details page by clicking on either the Order Number or View Details.

--Change the shipping address regarding the shipped order you have placed

LITB store orders ship quickly, we do not allow changes to the shipping address or shipping country once the order has been shipped out because the freight cannot be recalculated and collected.

When the parcel has arrived at your destination country, you can contact the carrier for redirecting the parcel.

Example 2:\Question: How can i cancel my order before it's shipped out?\Answer: --Cancellation regarding the unshipped order you have placed

After sign in to “My Orders”, you can easily find each order you've placed and its current status.  You can open each Order Details page by clicking on either the Order Number or View Details.
Most of our products can be cancelled up until they are shipped for a full refund. If your order status is Draft or Pending, you can easily delete/cancel your order by yourself. If your order status is “Processing”, you can select “cancel this order” to cancel your order. Unfortunately, once an order has been shipped, it can no longer be cancelled.

Please refer to the chart below as a reference to our cancellation policy:



Made-to-Order products

Within 24 hours of payment confirmation*	24 hours after payment confirmation*
Full Refund	50% refund of the product price, full refund of the shipping price

*When you receive an email entitled ""Payment Confirmation for Order#_______ with LightInTheBox.com"", your payment has been confirmed.



To delete your order (Order Status: Draft or Pending)




1. Sign in to “My Account” and click on “My Orders”.

2. Click on the order number that you would like to cancel.

3. Click ""Cancel Order"" and confirm that you want to proceed with cancellation order.

3. Click ""Cancel Order"" and confirm that you want to proceed with cancellation order.
2. Click on the order number that you would like to cancel.
3. Click “Cancel This Order” to contact Customer Support to proceed with cancellation.

Note: Only orders that have not shipped can be cancelled. Once your order has been shipped, this link will no longer be available.

Example 3:\Question: Can i rush my order？\Answer: Unfortunately, at this time you are not allowed to rush your order, because we are outsourcing from our global suppliers and all the orders fulfillment are in queue. If you require that your order arrives before a specific day or in case you need products urgently, you should reach out to Customer Support.

","We understand that sometimes customers change their minds. However, according to our Return/Cancellation Policy for Customized Products:

- Orders cannot be canceled once they have been sent out.
- Returns are only accepted within 7 days of receiving your order and must meet specific criteria (defective items or improper transportation issues). 

If you've changed your mind about the product after it has been shipped, we regret to inform you that we do not accept returns for personal reasons such as no longer needing the item, buying by mistake, or simply changing your mind. We recommend checking your order and confirming all details before finalizing your purchase.

For any further assistance or specific inquiries regarding your order, please feel free to contact our customer service team.","-- Rejection of Package

If you have received an item and wish to return it because you’ve changed your mind, please note that we do not allow packages to be outright rejected. Instead, you can initiate a return request for eligible items within our return policy timeframe.

To start the return process:

1. Sign in to “My Account”.
2. Navigate to ""Order History"" and select the order you wish to return from.
3. Click on ""Return Request"".
4. Follow the instructions provided to complete your return request, including providing a reason for the return.

Please ensure that any items returned are in their original condition, unused, and with all tags attached. Returns must be initiated within 15 days of delivery for most products; however, please check our detailed Return Policy page for specific product categories as exceptions may apply.

If you have further questions or need assistance during the return process, feel free to contact Customer Support."
I forgot my account,"Forgot the account you used to log in before? Here are some tips to resolve your problem.

1. Can you receive order notification email?
If so, the email address is your login account
You can click ""Forgot password"" to get a new one

2. Is it possible that you paid the order directly via PayPal without registration?
If so, your PayPal account is the login account
You can click ""Forgot password"" to get a new one
Or you can search in your email inbox to find out the previous password.

3. Did you use Facebook/Google/Mobile Phone to login before?
If so, the social account is your login account.
You can use the same way to login and you will find your order in the account.

You tried the above solutions but all failed.Need Help?","Example 1:\Question: I forgot my password\Answer: If you’ve forgotten your password, click on “Forgot your password”. We’ll ask you to enter your email account and then immediately send you a new password. After logging in using the new password, please go to “My Orders” and enter “Account Settings” to change password.

Example 2:\Question: How to change my account/email address？\Answer: If your account/email address hasn’t been confirmed yet, please follow the steps below to firstly confirm it.

1. Sign into “My Account” and click “My Orders”

2. Click “Account Settings”, choose “Change Your E-mail Address” and click “Resend Email”
A confirmation email will be sent to your original email address.

3.Check your original address inbox and click the “Confirm your email address” link in the confirmation email, then your account/email address will be confirmed.
If your account/email address has already been confirmed, please follow the next steps to update it directly:

4.Click on “Account Settings”, select “Change Your E-mail Address” and Click “Change Mail”
To protect your account security, we need to verify your identity. We will send a link to your email. Please check your original address inbox for an activation link.

5.Click “Update my e-mail address” in the confirmation email. This will lead you to our “Change Your E-mail Address” page

6.Enter your New E-mail Address and Save

If your original email address was written incorrectly and you don't have access to it, please don't worry. With this misspelled email address and your password, you can still login in your account on our website to check order details. And if you need further help, always feel free to contact our Customer Service for support. 

Example 3:\Question: Can i register the account or login with Facebook/Googles a account?\Answer: We implement our own login system where customers sign up by using their email and password and an account is created for them. Typically, customers use an email verification step in this case to authenticate identity. 
Alternatively, you can choose to use Facebook Login or Google Account Login completely for their login system. In this case you sign up by using Facebook Login, an account is created for you, and the authentication step is taken care of by Facebook or Google

","If you've forgotten your account details, don't worry! We can help you regain access to your LightInTheBox account. Please follow these steps:

1. Go to the login page on our website.
2. Click on ""Forgot Password"" or ""Forgot Username,"" depending on what you need assistance with.
3. Enter the email address associated with your LightInTheBox account and submit the request.

If you don't receive an email within a few minutes, please check your spam/junk folder. If it's still not there, feel free to contact our customer service team for further assistance. We're here to help!","If you’ve forgotten your account details, start by clicking on “Forgot your password”. We’ll ask you to enter the email address associated with your account. If this email address is recognized, we will send a new password directly to it. Once you receive and log in using the new password, please visit ""Account Settings"" under ""My Orders"" to update your password for future use.

If you do not remember which email was used or cannot access that email, please contact our Customer Service team by clicking on “Contact Us” at the bottom of our website. We will assist you further in recovering your account details."
Why i can't pay for my order,"Troubleshooting failed payments
On the error page of your payment, the reason for the refusal would be indicated to you and will give you an indication of the problem encountered.
For example:

""Payment is failed due to bank's rejection. Please pay with another card or choose another payment method.""

""Payment is failed due to insufficient funds/over limit. Please pay using a card with sufficient balance.""

......
Your payment failed due to one or more of the following reasons:

1) Incorrect or incomplete card/account information

2) Inadequate credit or account balance

3) Your card is not set up for international online payments

4) The maximum online payment limit is set too low

5) Technical problem with the payment system
We suggest you to:

1) double check your card/account information to make sure it is correct

2) use a different card or payment method

3) contact your bank/service provider to enable related functions (e.g. international online payments)

  

*If none of the suggestions has helped resolve your problem, please contact our Customer Support.","Example 1:\Question: How long will it take for the payment to be accepted?(Why was i charged but the order is still pending?) \Answer: Please understand that processing times for international transactions can take longer than usual. Based on the method of payment, transfer times might vary. 

Timeline to Receive Payment Estimates:paypal-realtime
credit card-realtime
7 days
cred card(installment)-Realtime
Boleto、oxxo（off-line payment)-7 days
wire transfer-up to bank,usually 3-10 days
klarna paylater、klarna installment-realtime
In some cases, PayPal and credit/debit card payments may take up to 24 hours to confirm. We will notify you that we have received the payment by providing an email with the object ""Payment Confirmation for Order#_______ with LightInTheBox.com"".

If you have waited more than normal payment receiving timeline, but your order status is still pending, please double check first, whether you have duplicate orders of which the payment has already been confirmed. If you need further help, feel free to contact Customer Support.

Example 2:\Question: Why i haven't received order confirmation email?\Answer: When the order confirmation email will be sent?
You weill be charged for your order when your payment status is changed to ”Payment received“(for further information about order satus,click[Here]）.We will then confirm your payment and begin processing your order right away.In some cases,PayPal and credit/debit/debit card payments by providing the email entitled,”Payment Confirmation for Order#_with Lightin TheBox.con

if you have‘t received an order confirmation email,it is likely the result of one or two thing:

1.Your payment hasn't been received yet
The time it takes to process your payment depends on the payment method you have used. It can also vary by bank and country. Please check your transaction records to confirm whether the payment has been charged successfully.
Timeline to Receive Payment Estimates:
paypal-realtime、credit card-realtime-7 days、credit card(installment)-Realtime、Boleto、oxxo（off-line payment)-7days、wire transfer-up to bank,usually 3-10 day、klarna paylater、klarna installment-realtime
2.Your payment is under payment reviewing
To ensure payment safety, there will be a payment verification process which normally takes no longer than 24 hours. Please wait patiently and check the status of your order later. If there is further information required from you, we will keep you informed.
We suggest that you may wait at least 24 hours to receive the order confirmation email. Alternatively, you can visit ""My Orders"" page to check the status of your orders.
3. You have entered an incorrect email address with your order
If you have been charged but haven’t received an email confirmation after 24 hours, please check the email address that you have registered with us whether it is the correct email address. In case it was wrote incorrectly, please refer to “How to change my account/email address” for further help.
4. Your confirmation email was blocked or filtered
It happens that legitimate emails are being blocked or moved to the Junk folder. So please, don't forget to check also your junk or spam folder to ensure that your email provider hasn’t misfiled the email.

Example 3:\Question: How to receive the invoice of my order？\Answer: We’re sorry that our website don’t have invoice self-download service. However, you may contact customer service to request a invoice of your order. 

You may submit a “Resolve Customs Duties Issue” ticket to customer service once your package is shipped. Customer Service will provide the invoice to you in 24 hours. 

","We're sorry to hear that you're having trouble paying for your order. There are a few common reasons why this might occur:

1. **Payment Method Issues**: Make sure the payment method you’re trying to use is valid and has sufficient funds.
2. **Cart Validation Errors**: Sometimes, issues with cart validation can prevent an order from being completed. This could be due to incorrect or incomplete shipping information.
3. **Technical Glitches**: Occasionally, technical glitches on our end might cause delays in processing payments.

To resolve this issue:

1. **Check Your Cart and Shipping Information**:
   - Ensure all the details are correct (name, address, phone number).
   - Make sure you’ve selected a valid shipping method.
   
2. **Verify Payment Method**:
   - Confirm that your payment information is up-to-date and has sufficient funds.
   - Try using an alternative payment method if available.

3. **Contact Customer Service**:
   - If the issue persists, please contact our customer service team for further assistance. We’ll be happy to help you troubleshoot any issues and get your order processed smoothly.

Feel free to reach out to us at [Customer Support Email/Phone Number] or through live chat if you need immediate support. Thank you for choosing LightInTheBox!","There could be several reasons why you're unable to proceed with payment for your order. Here are a few common issues and solutions:

1. **Payment Method Issues**: Ensure that the payment method you’re trying to use is supported by our website. We accept various methods such as credit cards, PayPal, Boleto, OXXO (for offline payments), Klarna Pay Later/Installment, Wire Transfer, etc.

2. **Insufficient Funds or Card Declined**: Check if there are sufficient funds in your account or if the card is declined due to insufficient funds, expired card, or other issues with the payment method. Please review and update your payment details accordingly.

3. **Technical Issues**: Sometimes technical glitches can prevent you from completing a transaction. If this happens, try refreshing the page or clearing your browser cache and cookies. Alternatively, trying another web browser might resolve the issue.

4. **Order Status**: Ensure that your order is still active and hasn’t been canceled due to any issues with the payment method used previously.

If none of these solutions work, please contact our Customer Support team for further assistance. They will be able to provide you with more specific guidance based on your situation."
How do i close/delete my account,"We regret to hear that you are considering closing your account on our shopping website. We genuinely appreciate your support and regret any inconvenience you may have experienced. 
The deletion request can be accomplished via the following methods, please have a try.
1. Via the link:
Close your account by clicking this link : http://litb.cc/l/rLyn (mobile browser recommended)
2. Via the APP
To close your account via the app, please go to the ""Account"" page, then click on ""Settings""  -> ""My Account"" -> ""Delete Account"".
3. Via the email
If the aforementioned options do not meet your needs, we kindly suggest that you contact us through the following one to address your concerns.
If the aforementioned options do not meet your needs, we kindly suggest that you contact us through the following one to address your concerns.
1. The account you want to delete, on which merchant.
2. Order ID and the product name in your latest order.
3. If no order, please tell us your registration date.
We kindly request your attention to the fact that the information we are requesting is essential in order for us to provide you with effective assistance. Please understand that providing us with the above mandatory information will greatly aid us in addressing your concerns efficiently.
[Warm Reminder]
Please kindly note that the Account will NOT BE RECOVERABLE once deleted. After the deletion is processed, all data in your account will be deleted. Therefore, before deleting your account, please understand the following:
1. You will lose all your data in your account and will be unable to place an order or use rewards/coupons under this account, please confirm there is no after-service issue or credit with us.
2.You'll be unable to check orders or contact customer service after the deletion.
2.You'll be unable to check orders or contact customer service after the deletion.
We genuinely apologize for any dissatisfaction you may have experienced and sincerely hope that you will reconsider your decision to close your account. We remain committed to serving you and ensuring your satisfaction as a valued customer.","Example 1:\Question: How to change my account/email address？\Answer: If your account/email address hasn’t been confirmed yet, please follow the steps below to firstly confirm it.

1. Sign into “My Account” and click “My Orders”

2. Click “Account Settings”, choose “Change Your E-mail Address” and click “Resend Email”
A confirmation email will be sent to your original email address.

3.Check your original address inbox and click the “Confirm your email address” link in the confirmation email, then your account/email address will be confirmed.
If your account/email address has already been confirmed, please follow the next steps to update it directly:

4.Click on “Account Settings”, select “Change Your E-mail Address” and Click “Change Mail”
To protect your account security, we need to verify your identity. We will send a link to your email. Please check your original address inbox for an activation link.

5.Click “Update my e-mail address” in the confirmation email. This will lead you to our “Change Your E-mail Address” page

6.Enter your New E-mail Address and Save

If your original email address was written incorrectly and you don't have access to it, please don't worry. With this misspelled email address and your password, you can still login in your account on our website to check order details. And if you need further help, always feel free to contact our Customer Service for support. 

Example 2:\Question: How to withdraw credit?\Answer: Rewards cannot be withdrawn.

Credit can only be withdrawn to the card or account with which you originally used to pay. To withdraw Credit, click the withdraw button in Available Balance on the My Rewards & Credit page.
A record of the withdrawal will be listed on your credit card bill after your withdrawal request is successfully processed. If more than one card was used to pay, you will receive the total withdrawal amount split across each of the cards. Please refer all inquiries regarding the arrival of your refund to your card-issuing institution, as the time required to complete the refund may be affected by your institution's policies and practices.

Refund time estimates:

Original Payment Method	Refund time
	via Credit/Debit Card	Up to 30 business days
via PayPal Balance	Instantly
	4-7 business days
	7-14 business days
	4-7 business days
	7-14 business days
	7-14 business days
	7-14 business days
	7-14 business days
	7-14 business days
	7-14 business days

Example 3:\Question: I forgot my password\Answer: If you’ve forgotten your password, click on “Forgot your password”. We’ll ask you to enter your email account and then immediately send you a new password. After logging in using the new password, please go to “My Orders” and enter “Account Settings” to change password.

","To close or delete your account with us, please follow the steps below:

1. **Log in to Your Account**: First, log into your LightInTheBox account using the email address and password associated with it.

2. **Contact Customer Service**: We do not currently offer a direct option for self-service account deletion through our website. To proceed with closing your account, please contact our customer service team via live chat or by sending an email to support@lightinthebox.com. Our team will assist you in the process and ensure that all your personal information is securely removed.

3. **Provide Necessary Information**: When contacting us, kindly provide your order history details (if applicable) and any other relevant information that can help our customer service team identify your account accurately. 

4. **Confirmation of Account Deletion**: Once we have processed your request, a confirmation will be sent to the email address associated with your LightInTheBox account.

Please note that closing an account does not automatically remove all personal data stored by us as per our privacy policy and legal requirements. However, we ensure that any future communication or transactions are discontinued once your account is closed.

If you have further questions or need assistance at any point during this process, feel free to reach out to us!

Thank you for being a valued customer of LightInTheBox!","To close or delete your account, follow these steps:

1. Sign into ""My Account"" on our website.
2. Navigate to the ""Account Settings.""
3. Look for an option called ""Close Account,"" ""Delete Account,"" or something similar. If this option is not immediately visible, you can find it under a section titled “Manage Your Account” or “Account Information.”
4. Follow the instructions provided by clicking on the appropriate link or button.
5. You may be asked to confirm your decision and provide reasons for closing your account.

If you do not see an option to close your account within ""My Account,"" please contact our Customer Service team directly, and we will assist you with this process. We appreciate your feedback and hope that you find a way to continue enjoying our services in the future!"
How can i get a refund if my credit card is no longer valid or has expired?,"When refunds issued to an invalid or expired or cancelled credit card, we will receive a decline code when attempting to refund in this case and we will contact you to provide us with a PayPal account or a refund will be reissued to your store credit. You can follow up our communications via “My Tickets”. 

  

Note: These 2 alternative options also apply if you see the condition under "" Refund more than 180 days of payment received","Example 1:\Question: How to withdraw credit?\Answer: Rewards cannot be withdrawn.

Credit can only be withdrawn to the card or account with which you originally used to pay. To withdraw Credit, click the withdraw button in Available Balance on the My Rewards & Credit page.
A record of the withdrawal will be listed on your credit card bill after your withdrawal request is successfully processed. If more than one card was used to pay, you will receive the total withdrawal amount split across each of the cards. Please refer all inquiries regarding the arrival of your refund to your card-issuing institution, as the time required to complete the refund may be affected by your institution's policies and practices.

Refund time estimates:

Original Payment Method	Refund time
	via Credit/Debit Card	Up to 30 business days
via PayPal Balance	Instantly
	4-7 business days
	7-14 business days
	4-7 business days
	7-14 business days
	7-14 business days
	7-14 business days
	7-14 business days
	7-14 business days
	7-14 business days

Example 2:\Question: How can i cancel my order before it's shipped out?\Answer: --Cancellation regarding the unshipped order you have placed

After sign in to “My Orders”, you can easily find each order you've placed and its current status.  You can open each Order Details page by clicking on either the Order Number or View Details.
Most of our products can be cancelled up until they are shipped for a full refund. If your order status is Draft or Pending, you can easily delete/cancel your order by yourself. If your order status is “Processing”, you can select “cancel this order” to cancel your order. Unfortunately, once an order has been shipped, it can no longer be cancelled.

Please refer to the chart below as a reference to our cancellation policy:



Made-to-Order products

Within 24 hours of payment confirmation*	24 hours after payment confirmation*
Full Refund	50% refund of the product price, full refund of the shipping price

*When you receive an email entitled ""Payment Confirmation for Order#_______ with LightInTheBox.com"", your payment has been confirmed.



To delete your order (Order Status: Draft or Pending)




1. Sign in to “My Account” and click on “My Orders”.

2. Click on the order number that you would like to cancel.

3. Click ""Cancel Order"" and confirm that you want to proceed with cancellation order.

3. Click ""Cancel Order"" and confirm that you want to proceed with cancellation order.
2. Click on the order number that you would like to cancel.
3. Click “Cancel This Order” to contact Customer Support to proceed with cancellation.

Note: Only orders that have not shipped can be cancelled. Once your order has been shipped, this link will no longer be available.

Example 3:\Question: How do i make a return?\Answer: LightInTheBox hopes you will be satisfied with every purchase you make, but in some cases a customer may want to return an item. You can view the steps in our return process in the chart below:
STEP1	Click'Comfirm Received'then submit a 'Return Or Exchange'Ticket in your order
STEP2	Customer Service reviews your return
STEP3	Customer Service sends you the 'Return Instruction'
STEP4	Follow the 'RETURN Instucion',write down the Order No.on the paper,inculde it in the box and send it to us
STEP5	After receiving package,we'll process your refund/replacement and keep you informed
If you need to return an item you can begin the process by following steps:

Step 1:
Sign into your account and click on ""My Orders"", then find the order you need help with. 

Step 2:
Please confirm that you've received your package, by clicking ""Confirm Received"". Then submit a ""Return Or Exchange"" ticket.

Step 3:

Please select the item you want to return or exchange, then choose your return reason.
Step 4:

In order to provide a more effective support, we've made ""Pop-up notification"" service available as a quick processing path for the return request. Please click ""Prefer to return"" to continue if you do prefer the return/exchange.

 

Step 5:
Please fill out the form, including as many details as possible and uploading photos that clearly show the problem with the item (if necessary).

 

Note:

Our Customer Service team will respond to you within 24 hours.

Customer Service will approve your return and send you the Return Instruction. Please fill it out completely and send your item(s) back to us as soon as possible.

When we have received your package, your return will be processed in 3 to 5 business days and then your refund will be issued.

 

Please note that we currently do not provide a return label or return slip to process for returning. For items with no quality issue, please understand that we will not be responsible for the return shipping cost. 

","If your credit card is no longer valid or has expired and you need to request a refund for an order, please follow these steps:

1. **Contact Customer Service**: Reach out to our customer service team via email, phone, or live chat (available on the website) with details about your order and the issue regarding your payment method.

2. **Provide Proof of Payment**: Please provide us with proof that you have already paid for the order using an expired credit card. This can include a screenshot of the transaction confirmation from your bank statement or any other relevant documentation.

3. **Request Refund**: Once we receive your request and verify the details, our team will process a refund to the original payment method if possible. If that is not feasible due to expiration or other issues, we may need to issue a refund via another method such as store credit or an alternative payment option like PayPal.

4. **Follow Up**: Keep track of any communication from our customer service team and follow up if you do not receive your refund within the expected timeframe (usually 7-10 business days).

We aim to resolve these issues promptly, so feel free to reach out for assistance at any time. Your satisfaction is important to us!","To receive a refund when your original payment method (credit card) is no longer valid or has expired, please follow these steps:

1. Sign in to your account and navigate to the ""My Rewards & Credit"" page.
2. Find the order you wish to process a refund for and click on the withdraw button next to the available balance.
3. Once you initiate the withdrawal request, we will issue a refund to the original payment method used.

If the card is no longer valid or has expired, please contact our Customer Support team with the following information:
- Order number
- Original payment method details (card type and last four digits)
- A new valid payment method for us to process your refund

Our support team will guide you through updating your payment information securely. Please note that once we have updated this information, it may take up to 30 business days for the refund to be processed back into your account based on your card issuer's policies.

If you need further assistance or encounter any issues during these steps, feel free to reach out to our Customer Support team directly."
What will happen if i refuse to receive the package?,"For any reason, if you would like to reject the package while the parcel is under the shipping process, you will need to wait until you receive the package in hand before making a return request.

If you refuse to take the delivery package from the postman or do not pick up your delivery package from your local pick-up stores, our Customer Service will not be able to judge the situation of the package and therefore cannot handle your return requests.

If the package is returned to our warehouse because of a customer's personal reason (Check details below), we'll contact you about re-paying the reshipment postage (by PayPal) and arrange the reshipment. However, please understand that no refund will be issued in this situation.  Details for customer's personal reason:

* Wrong address/no consignee
* Invalid contact information/ no answer to the delivery calls & emails
* Customer refuses to accept package/pay tax fee/ complete customs clearance
* Didn't collect package by the deadline","Example 1:\Question: Why isn't my package delivered in 5 days since i paid for expedited express？\Answer: Please understand the 3~5 business days is only for shipping via Expedited Express, which does not include the processing time fo the item(s). The Total Delivery Time consists of processing time and shipping time, TWO different parts.

Processing time: is the time it takes to get your order ready to leave our warehouses.

This includes preparing your items, performing quality checks, and packing for shipment. Processing time will be displayed on the product detail page after the size/color etc options have been chosen.

*For Made-To-Measure item: Processing time is simply the Tailoring time displayed on the product detail page.

*For Items marked Ships in 24: Processing time is guaranteed to be shorter than 24 hours.

Shipping time: is the time it takes to reach your destination address after the package is shipped out. It depends on the shipping method you choose. Also it shows business days delivery, so please take weekends into consideration when counting the estimated delivery date.

Example 2:\Question: How can i cancel my order before it's shipped out?\Answer: --Cancellation regarding the unshipped order you have placed

After sign in to “My Orders”, you can easily find each order you've placed and its current status.  You can open each Order Details page by clicking on either the Order Number or View Details.
Most of our products can be cancelled up until they are shipped for a full refund. If your order status is Draft or Pending, you can easily delete/cancel your order by yourself. If your order status is “Processing”, you can select “cancel this order” to cancel your order. Unfortunately, once an order has been shipped, it can no longer be cancelled.

Please refer to the chart below as a reference to our cancellation policy:



Made-to-Order products

Within 24 hours of payment confirmation*	24 hours after payment confirmation*
Full Refund	50% refund of the product price, full refund of the shipping price

*When you receive an email entitled ""Payment Confirmation for Order#_______ with LightInTheBox.com"", your payment has been confirmed.



To delete your order (Order Status: Draft or Pending)




1. Sign in to “My Account” and click on “My Orders”.

2. Click on the order number that you would like to cancel.

3. Click ""Cancel Order"" and confirm that you want to proceed with cancellation order.

3. Click ""Cancel Order"" and confirm that you want to proceed with cancellation order.
2. Click on the order number that you would like to cancel.
3. Click “Cancel This Order” to contact Customer Support to proceed with cancellation.

Note: Only orders that have not shipped can be cancelled. Once your order has been shipped, this link will no longer be available.

Example 3:\Question: How can i track my package?\Answer: Once an order has been shipped out, we will send you a Shipping Confirmation Email, including your Tracking Number.

To check the status of your package, please click on the link and it will redirect you to DHL or other shipping vendor's website. This function allows you to track your package using the tracking code provided in the email.

You can also track your order in ""My Orders"" by following these 3 steps:

Step 1:

Sign into your account and click ""My Orders"".

Step 2:

Find the related order in your order list and click on the ""Track"" button, or you can open the ""Order Detail"" page, then click the ""Track"" button on the right side.
Note: At this time, tracking is not always available for Postal Service - No Tracking.

Step 3:

After clicking the Track button:

You will be able to view the detailed logistics tracking of your package, as well as specific information about local logistics companies, including their company names and contact information (for most logistics companies).

","If you choose to refuse a delivery, here’s what typically happens:

1. **Redelivery Attempt**: The shipping carrier will attempt to redeliver your package based on their policies and availability.

2. **Return to Sender**: If redelivery is not possible or if multiple attempts are unsuccessful, the package may be returned to our warehouse. In such cases, you might incur additional shipping costs for a new delivery attempt.

3. **Refund/Credit Processing**: Once we receive your package back at our warehouse and confirm its condition, we will process any necessary refunds or credits according to our return policy. Please note that returns due to refused packages may be subject to restocking fees and original shipping charges are non-refundable.

4. **Customer Service Follow-Up**: Our customer service team will reach out to you for further instructions and to resolve the issue based on your specific situation.

For any additional assistance or questions, feel free to contact our Customer Service team. We’re here to help!","If you choose to refuse a delivery, here’s what typically happens:

1. **Return to Sender**: The shipping carrier will return your package back to our warehouse.
2. **Refund/Replacement Process**: Once we receive the returned item(s), we will process your refund or replacement according to our policy.

Please note that if you have already refused the delivery and it is returned, please contact Customer Support at once for further instructions on how to proceed with a refund or replacement request. We recommend trying to accept the package whenever possible to avoid delays in processing your return or exchange."
What if my shipping address is different than my billing address?,"During the checkout process, you have the option to enter a different billing address by clicking “Edit” at the ""Billing Address"" section in checkout.

*Please make sure the billing address you enter below matches the name and address associated with the credit card you are using for this purchase. Please note your billing address and shipping address country must be the same.","Example 1:\Question: Can i change shipping address?\Answer: -- Change the shipping address regarding the unshipped order you have placed
After sign in to “My Orders”, you can easily find each order you've placed and its current status.  You can open each Order Details page by clicking on either the Order Number or View Details.

--Change the shipping address regarding the shipped order you have placed

LITB store orders ship quickly, we do not allow changes to the shipping address or shipping country once the order has been shipped out because the freight cannot be recalculated and collected.

When the parcel has arrived at your destination country, you can contact the carrier for redirecting the parcel.

Example 2:\Question: How do i contact local shipping viaYunExpress? \Answer: When shipments arrived in destination countries, we collaborated with various local shipping partners for orders sent via ""YunExpress"" (tracking number beginning with YT). The tracking number will be updated once the package has been delivered to the local carrier. Therefore, it's crucial to know where to look to locate the local tracking number and shipping partner of your package if you want more information on its current status.

YunExpress official website:https://www.yuntrack.com/parcelTracking
Step 1: Enter your YunExpress tracking number (beginning with YT) and click ""Track.""Step 2: Select“Last Mile Tracking” which is the local tracking number of your parcel.
Step 3: Find your parcel's local shipping company and contact information in “Additional Notes”.

With the local tracking number and the contact information, you can easily contact local shipping company to know more details of your package.

For further inquiries, feel free to contact our Customer Service.

Example 3:\Question: How do i calculate shipping costs?\Answer: The shipping costs vary with the item(s), destination address, and the shipping method. You can see multiple shipping cost options on your check-out page.  

Step 1: Add the item(s) you are interested into your shopping cart, and click “Proceed to Checkout. 

Step 2: Complete your shipping address

Step 3: Select the shipping method according to your need

*Add duty & tax insurance to your order, why?

-If you buy Duty & Tax Insurance and your package is charged additional duties and taxes upon delivery, please contact our Customer Service and we will compensate the duty and tax you have paid.


*Add shipping insurance to your order, why?

-Shipping insurance offers premium protection and safety for your valuable items during international shipping. We'll reship your package immediately at no extra charge if it's reported lost or damaged.

","When placing an order on our website, it's completely fine to have a different shipping and billing address. Here’s how you can proceed:

1. During the checkout process, after filling in your shipping information, there will be an option to enter your billing details.
2. You can specify your billing address separately from your shipping address by clicking on ""Use Different Billing Address"" or similar text during the checkout process.

If you encounter any issues while entering these addresses, feel free to contact our customer service team for assistance. We're here to help ensure that everything goes smoothly!","When placing an order, you have the option to enter a different shipping address from your billing address. Here’s how you can do that:

1. **Add Items to Cart**: Start by adding the items you want to purchase to your shopping cart.
2. **Proceed to Checkout**: Click on ""Proceed to Checkout"" after selecting all desired products.
3. **Enter Billing Information**: Fill in your billing information, including your credit card details and billing address.
4. **Shipping Address Section**: Scroll down to the shipping address section where you can either use the same address as your billing address or enter a different one by clicking on ""Use Different Shipping Address.""
5. **Complete Checkout**: After entering the correct shipping address, continue through the checkout process to complete your order.

If you need further assistance with this or any other questions related to placing an order, feel free to contact our Customer Service team."
How do i contact Customer Service about my order？,"Video Guide(English)-Inquiry or Request regarding the order you have placed

Important Tips:

1. Please select the most relevant topic for your correct order to ensure you reach out to the dedicated Customer Support Team.

2. In order to provide a more effective support, we've made ""Pop-up notification"" service available as a quick processing path for some of the topics. If you still require further assistance, rest assured that you can click ""Still have questions?"" to get in touch with Customer Service Support again.

3. If you have been waiting for a shipped order and are concerned about the location of your parcel, the topic ""Package Not Received"" may be appropriate for your situation.

4. In certain circumstances, you may want to return some item(s). Please confirm you have received the product and want to return it. If not received it yet, please submit the “Return Or Exchange” request after package has been delivered.

5. After you submit your ticket, our Customer Service team will respond within 1 business day. The response will be sent via email as well as through the ""Service Record"" on our website/APP.

6. If you were unable to locate a related order, please refer to ""Can't find your order?” and fill in the required information, our customer service team will contact you within 24 hours of submitting the ticket.

——Pre-Sale inquiry before placing order

If you have just registered an account on our website and need information before you buy, you can submit an inquiry on the product page and our support team will respond within 24 hours.

For detailed information, you may refer to “What if I have Pre-Sale question for the item before placing an order?”

——Cannot log in due to account/password issue

If you can't log in your account because you forgot your user account or password, try these troubleshooting steps to get back into your account first.

*Can you receive order notification email?

If so, the email address is your login account. You can click ""Forgot password"" to get a new one.

*Is it possible that you paid the order directly via PayPal without registration?

If so, your PayPal account is the login account. You can click ""Forgot password"" to get a new one. Or you can search in your email inbox to find out the previous password.

*Did you use Facebook/Google/Mobile Phone to login before?

If so, the social account is your login account. You can use the same way to login and you will find your order in the account.

If you attempted the above fixes and were still unable to log in to your account, please click “Need Help” and complete the necessary fields. Our customer service staff will get in touch with you within 24 hours and will be eager to assist.","Example 1:\Question: How to receive the invoice of my order？\Answer: We’re sorry that our website don’t have invoice self-download service. However, you may contact customer service to request a invoice of your order. 

You may submit a “Resolve Customs Duties Issue” ticket to customer service once your package is shipped. Customer Service will provide the invoice to you in 24 hours. 

Example 2:\Question: How to order\Answer: It is easy to purchase a product you like on Lightinthebox. Please follow the steps below to make a purchase. Enjoy your shopping!

Step 1:
Log into your Lightinthebox account:
Sign in/ Register with your email or third-party platform.

Step 2:
Browse the products and add product(s) you like to your shopping cart:
1. Choose items that you like and select a color, size, and the quantity you would like to purchase.

Tip: If you're not so sure about sizing, you can always refer to our Size guide.
2. Review the item and your selected color, size, and quantity then click ADD TO CART.

Step 3:
Review your cart:
1. After adding all the desired items to your cart, click on the cart icon or a similar symbol to review your order. Check the quantities, sizes, colors, and prices of the products. You can also remove any items or update quantities in the cart.
2. When you're ready to checkout, click CHECKOUT.

Step 4:
Fill in your shipping information and save:
1. Provide your shipping address, contact details, and any additional information required for the delivery of your order.

Step 5:
Submit your order:
1. Choose a shipping method.
2. Review your order summary. If you have a coupon available, make sure to apply it.
3. When you're all ready to place the order, click CONTINUE.
4. Select payment method and PURCHASE. Choose your preferred payment method from the available options then submit your order.

Following these steps should help you successfully place an order on Lightinthebox, we hope you enjoy shopping at Lightinthebox!


Example 3:\Question: How can i cancel my order before it's shipped out?\Answer: --Cancellation regarding the unshipped order you have placed

After sign in to “My Orders”, you can easily find each order you've placed and its current status.  You can open each Order Details page by clicking on either the Order Number or View Details.
Most of our products can be cancelled up until they are shipped for a full refund. If your order status is Draft or Pending, you can easily delete/cancel your order by yourself. If your order status is “Processing”, you can select “cancel this order” to cancel your order. Unfortunately, once an order has been shipped, it can no longer be cancelled.

Please refer to the chart below as a reference to our cancellation policy:



Made-to-Order products

Within 24 hours of payment confirmation*	24 hours after payment confirmation*
Full Refund	50% refund of the product price, full refund of the shipping price

*When you receive an email entitled ""Payment Confirmation for Order#_______ with LightInTheBox.com"", your payment has been confirmed.



To delete your order (Order Status: Draft or Pending)




1. Sign in to “My Account” and click on “My Orders”.

2. Click on the order number that you would like to cancel.

3. Click ""Cancel Order"" and confirm that you want to proceed with cancellation order.

3. Click ""Cancel Order"" and confirm that you want to proceed with cancellation order.
2. Click on the order number that you would like to cancel.
3. Click “Cancel This Order” to contact Customer Support to proceed with cancellation.

Note: Only orders that have not shipped can be cancelled. Once your order has been shipped, this link will no longer be available.

","To contact our customer service regarding your order, please follow the steps below:

1. **Log In to Your Account**: First, log into your account on LightInTheBox.com.

2. **Navigate to Order Details**:
   - Go to the ""My Orders"" section.
   - Find your specific order and click on it to view more details.

3. **Use Live Chat or Email Support**:
   - For immediate assistance, look for the live chat option at the bottom of our website (usually available during business hours).
   - Alternatively, you can send an email to our customer service team by clicking ""Contact Us"" and filling out the form with your order details and questions.

4. **Provide Order Information**:
   - Include your order number.
   - Mention any specific issues or concerns you have about your order.

We are here to help! If you need further assistance, feel free to reach out through one of these methods, and we will get back to you as soon as possible.","To contact our Customer Service regarding your order, please follow these steps:

1. **Sign in to Your Account**: First, log into your Lightinthebox account by clicking on ""My Account"" at the top of the website.

2. **Navigate to Orders Section**: Once logged in, go to the ""Orders"" section under “My Account” where you can view all your orders and their statuses.

3. **Find Your Order**: Locate the order number for which you need assistance and click on it to open the detailed order page.

4. **Contact Customer Service**:
   - Click on the ""Help & Support"" tab or go directly to our Help Center.
   - From there, select “Submit a Request” and choose the relevant category that best describes your issue (e.g., Order Inquiry).
   - Fill out the request form with all necessary details including your order number, contact information, and specific questions or issues you need help with.

5. **Provide Necessary Information**: Make sure to include any important details such as your order number, name on the order, email address used for the purchase, and a clear description of what assistance you are seeking.

6. **Submit Your Request**: Once all required information is filled out, submit your request. Our Customer Service team will respond within 24 hours (or sooner during business hours) to assist you with your inquiry or issue.

If you have any immediate concerns or need urgent help, feel free to call our customer service hotline during working hours for direct assistance. We are here to ensure that all your needs and inquiries are promptly addressed!"
What if i missed the delivery?,"If you missed the delivery, first of all, please refer to the [Guide] to find out which carrier was delivering your package, then you can visit the shipping carrier’s website for re-delivery help.


Below we have listed some delivery instructions from the widely-used shipping carriers for your reference:

DHL Express:

ON DEMAND DELIVERY

 

USPS:

How is Undeliverable and Misdelivered Mail Handled?

 

Royalmail:

How to collect a missed delivery

 

Colissimo:

En cas d'absence au moment de la livraison, une seconde présentation de mon envoi est-elle possible ?

Comment puis-je récupérer mes lettres recommandées et Colissimo en Point de retrait ?

 

Poste Italiane:

FAQ Spedizioni e Consegne

 

DPD:

Your local delivery experts

 

Fastway:

How do I arrange a redelivery?

If you need further help regarding the delivery, feel free to contact [Customer Support].","Example 1:\Question: How can i cancel my order before it's shipped out?\Answer: --Cancellation regarding the unshipped order you have placed

After sign in to “My Orders”, you can easily find each order you've placed and its current status.  You can open each Order Details page by clicking on either the Order Number or View Details.
Most of our products can be cancelled up until they are shipped for a full refund. If your order status is Draft or Pending, you can easily delete/cancel your order by yourself. If your order status is “Processing”, you can select “cancel this order” to cancel your order. Unfortunately, once an order has been shipped, it can no longer be cancelled.

Please refer to the chart below as a reference to our cancellation policy:



Made-to-Order products

Within 24 hours of payment confirmation*	24 hours after payment confirmation*
Full Refund	50% refund of the product price, full refund of the shipping price

*When you receive an email entitled ""Payment Confirmation for Order#_______ with LightInTheBox.com"", your payment has been confirmed.



To delete your order (Order Status: Draft or Pending)




1. Sign in to “My Account” and click on “My Orders”.

2. Click on the order number that you would like to cancel.

3. Click ""Cancel Order"" and confirm that you want to proceed with cancellation order.

3. Click ""Cancel Order"" and confirm that you want to proceed with cancellation order.
2. Click on the order number that you would like to cancel.
3. Click “Cancel This Order” to contact Customer Support to proceed with cancellation.

Note: Only orders that have not shipped can be cancelled. Once your order has been shipped, this link will no longer be available.

Example 2:\Question: Can i rush my order？\Answer: Unfortunately, at this time you are not allowed to rush your order, because we are outsourcing from our global suppliers and all the orders fulfillment are in queue. If you require that your order arrives before a specific day or in case you need products urgently, you should reach out to Customer Support.

Example 3:\Question: Why isn't my package delivered in 5 days since i paid for expedited express？\Answer: Please understand the 3~5 business days is only for shipping via Expedited Express, which does not include the processing time fo the item(s). The Total Delivery Time consists of processing time and shipping time, TWO different parts.

Processing time: is the time it takes to get your order ready to leave our warehouses.

This includes preparing your items, performing quality checks, and packing for shipment. Processing time will be displayed on the product detail page after the size/color etc options have been chosen.

*For Made-To-Measure item: Processing time is simply the Tailoring time displayed on the product detail page.

*For Items marked Ships in 24: Processing time is guaranteed to be shorter than 24 hours.

Shipping time: is the time it takes to reach your destination address after the package is shipped out. It depends on the shipping method you choose. Also it shows business days delivery, so please take weekends into consideration when counting the estimated delivery date.

","If you miss a scheduled delivery, please follow these steps to resolve the issue:

1. **Contact Customer Service:** Reach out to our customer service team as soon as possible after missing your delivery. You can find contact information on our website or within your order confirmation email.

2. **Provide Details:** When contacting us, provide us with your order number and any details about why you missed the delivery (e.g., you were not at home during the scheduled time).

3. **Reschedule Delivery:** Our team will work to reschedule a new delivery date and time that works for you. Please note that additional shipping fees may apply if the original shipping method is no longer available or if it's outside of our standard delivery window.

4. **Check Tracking Information:** You can also check your order’s tracking information on your account page to see any updates from the carrier about missed deliveries and rescheduled attempts.

We understand that unexpected situations happen, and we are here to assist you in getting your order delivered as soon as possible. If you have any further questions or need additional assistance, feel free to reach out!","If you miss a scheduled delivery attempt, here’s what you can do:

1. **Check Your Email:** First, check your email for any notifications from our shipping carrier regarding the missed delivery and instructions on how to reschedule.

2. **Contact Us:** If you don’t receive an email or need further assistance, please contact Customer Support via chat, phone, or email. We can help you find out more about the status of your package and assist with arranging a new delivery attempt.

3. **Redelivery Option:** Many carriers offer a redelivery option for missed deliveries. You may be able to schedule another delivery through their website or app.

4. **Pickup Location:** In some cases, your package might have been taken to a nearby pickup location such as a post office or carrier facility. We recommend checking with the shipping carrier for details on where and how you can collect your order.

If you need immediate assistance, please reach out to us right away so we can help resolve this issue promptly."
How do i update my shipping or billing address？,"To change and/or update a Shipping Address or Billing Address:

1. Sign into “My Account” (https://gw.lightinthebox.com/index.php?main_page=login) and click “My Orders”.
2. Click “Manage Address Book”.
3. Edit your “Billing Address” or add/edit a “Shipping Address”.
You can also change, update or add a New Shipping Address at checkout.","Example 1:\Question: Can i change shipping address?\Answer: -- Change the shipping address regarding the unshipped order you have placed
After sign in to “My Orders”, you can easily find each order you've placed and its current status.  You can open each Order Details page by clicking on either the Order Number or View Details.

--Change the shipping address regarding the shipped order you have placed

LITB store orders ship quickly, we do not allow changes to the shipping address or shipping country once the order has been shipped out because the freight cannot be recalculated and collected.

When the parcel has arrived at your destination country, you can contact the carrier for redirecting the parcel.

Example 2:\Question: How do i contact local shipping viaYunExpress? \Answer: When shipments arrived in destination countries, we collaborated with various local shipping partners for orders sent via ""YunExpress"" (tracking number beginning with YT). The tracking number will be updated once the package has been delivered to the local carrier. Therefore, it's crucial to know where to look to locate the local tracking number and shipping partner of your package if you want more information on its current status.

YunExpress official website:https://www.yuntrack.com/parcelTracking
Step 1: Enter your YunExpress tracking number (beginning with YT) and click ""Track.""Step 2: Select“Last Mile Tracking” which is the local tracking number of your parcel.
Step 3: Find your parcel's local shipping company and contact information in “Additional Notes”.

With the local tracking number and the contact information, you can easily contact local shipping company to know more details of your package.

For further inquiries, feel free to contact our Customer Service.

Example 3:\Question: How to change my account/email address？\Answer: If your account/email address hasn’t been confirmed yet, please follow the steps below to firstly confirm it.

1. Sign into “My Account” and click “My Orders”

2. Click “Account Settings”, choose “Change Your E-mail Address” and click “Resend Email”
A confirmation email will be sent to your original email address.

3.Check your original address inbox and click the “Confirm your email address” link in the confirmation email, then your account/email address will be confirmed.
If your account/email address has already been confirmed, please follow the next steps to update it directly:

4.Click on “Account Settings”, select “Change Your E-mail Address” and Click “Change Mail”
To protect your account security, we need to verify your identity. We will send a link to your email. Please check your original address inbox for an activation link.

5.Click “Update my e-mail address” in the confirmation email. This will lead you to our “Change Your E-mail Address” page

6.Enter your New E-mail Address and Save

If your original email address was written incorrectly and you don't have access to it, please don't worry. With this misspelled email address and your password, you can still login in your account on our website to check order details. And if you need further help, always feel free to contact our Customer Service for support. 

","To update your shipping or billing address on LightInTheBox.com, please follow these steps:

1. **Log In to Your Account**: First, log in to your LightInTheBox account using your email and password.

2. **Navigate to My Account Settings**:
   - Once logged in, go to the ""My Account"" section.
   - Look for an option like ""Address Book,"" ""Shipping Addresses,"" or ""Billing Information.""

3. **Update Your Address**:
   - Click on the address you wish to update and select “Edit” or a similar button.
   - Make any necessary changes to your shipping or billing address information.

4. **Save Changes**: After updating the details, make sure to save or confirm the changes by clicking ""Save"" or ""Update.""

If you need further assistance or encounter any issues while updating your address, please feel free to contact our customer service team for immediate help!","To update your shipping or billing address, please follow these steps:

1. Sign in to “My Account” and navigate to the ""Account Settings"" section.
2. Click on either “Shipping Addresses” or “Billing Addresses,” depending on which one you wish to modify.
3. Locate the specific address you want to change by clicking on its corresponding edit button (usually an icon that looks like a pencil).
4. Make any necessary changes and click ""Save.""

If your order has already been placed, please note that we do not allow changes to shipping or billing addresses once an order is in processing or shipped due to the logistics involved with tracking and delivery.

For further assistance or if you need to update an address for a specific order, feel free to contact our Customer Service team."
How can i change payment methods?,"If you have a pending or draft order and want to use a different payment method, it’s easy:
1. Sign into “My Account” and click “My Orders” located on the upper right corner.

2. Click on the pending or draft order you want to complete payment.
3. Click “Edit Order” to be directed to your Order Information page where you can select your desired payment method.","Example 1:\Question: How to withdraw credit?\Answer: Rewards cannot be withdrawn.

Credit can only be withdrawn to the card or account with which you originally used to pay. To withdraw Credit, click the withdraw button in Available Balance on the My Rewards & Credit page.
A record of the withdrawal will be listed on your credit card bill after your withdrawal request is successfully processed. If more than one card was used to pay, you will receive the total withdrawal amount split across each of the cards. Please refer all inquiries regarding the arrival of your refund to your card-issuing institution, as the time required to complete the refund may be affected by your institution's policies and practices.

Refund time estimates:

Original Payment Method	Refund time
	via Credit/Debit Card	Up to 30 business days
via PayPal Balance	Instantly
	4-7 business days
	7-14 business days
	4-7 business days
	7-14 business days
	7-14 business days
	7-14 business days
	7-14 business days
	7-14 business days
	7-14 business days

Example 2:\Question: How can i use my Rewards & Credit Balance/Coupon?\Answer: Your Rewards & Credit balance/Coupon will be automatically applied towards your next eligible purchase on LightInTheBox.com.
Coupons/Rewards can be used in the next step:
Kindly note normally Rewards Balance & Coupon have an expiration date and minimum order amount restrictions. It depends on special circumstances when Rewards/Coupons were earned. You can check the details on the ""My Rewards & Credit"" and ""My Coupons"" page.

No restrictions on the application of Credit Balance.

Example 3:\Question: How can i ues my Rewards & Credit Balance/Coupon?\Answer: Your Rewards & Credit balance/Coupon will be automatically applied towards your next eligible purchase on LightInTheBox.com.
Your Rewards & Credit balance/Coupon will be automatically applied towards your next eligible purchase on LightInTheBox.com.

","To change your payment method after placing an order, please follow the steps below:

1. **Log in to Your Account:** First, log into your LightInTheBox account using your email or third-party platform.

2. **Access Order Details:** Once logged in, navigate to the ""My Orders"" section to find and open the specific order for which you would like to change the payment method.

3. **Contact Customer Service:** Unfortunately, once an order has been placed and a payment method selected, we cannot directly modify it through our website. Please contact our customer service team by clicking on “Customer Support” at the top of the page or using the chat feature available there. Provide them with your order number and explain that you need to change the payment method.

4. **Follow Up:** Our Customer Service will guide you through the process and inform you if it's possible to make changes based on the current status of your order.

If you haven't placed an order yet but would like to choose a different payment option, simply proceed with placing a new order and select your preferred method during checkout. If you need further assistance or have any questions about this process, feel free to reach out to our customer service team!

We hope this helps, and thank you for shopping at LightInTheBox!","To change the payment method for future orders, please follow these steps:

1. Log in to your account on our website.
2. Go to the ""My Account"" section and then select ""Payment Methods.""
3. Click on ""Add New Payment Method"" to enter a new card or other payment details.
4. Once added, you can choose this method at checkout for future purchases.

If you need to update an existing payment method (such as changing the expiration date), click on the edit button next to your saved payment information and follow the prompts to make changes.

Please note that any orders already placed will still be charged using the original payment method. For updating a payment method related to past orders, please contact our Customer Service team for assistance.

For security reasons, we cannot directly modify or delete saved payment methods on behalf of customers; you must do this through your account settings as described above."
How long will i receive the refund?,"Please note that Refund processing times vary and can take up to 30 days depending on your financial institution. 

For PayPal, a refund will normally be issued within 2-3 business days. Please check your account later. 

For Klarna, as soon as LITB has accepted your cancellation/return, Klarna will cancel any future scheduled payments as well as refund any amounts due. The return will be reflected in the Klarna app immediately. The refund will be processed within 5-7 business days and shall be issued back to the debit or credit card which was originally entered at checkout.

For an estimated refund time for various payment options, please see the table as below:

Original Payment Method	Refund time
	via Credit/Debit Card	Up to 30 business days
via PayPal Balance	Instantly
	4-7 business days
	7-14 business days
	4-7 business days
	7-14 business days
	7-14 business days
	7-14 business days
	7-14 business days
	7-14 business days
	7-14 business days","Example 1:\Question: How long will it take for the payment to be accepted?(Why was i charged but the order is still pending?) \Answer: Please understand that processing times for international transactions can take longer than usual. Based on the method of payment, transfer times might vary. 

Timeline to Receive Payment Estimates:paypal-realtime
credit card-realtime
7 days
cred card(installment)-Realtime
Boleto、oxxo（off-line payment)-7 days
wire transfer-up to bank,usually 3-10 days
klarna paylater、klarna installment-realtime
In some cases, PayPal and credit/debit card payments may take up to 24 hours to confirm. We will notify you that we have received the payment by providing an email with the object ""Payment Confirmation for Order#_______ with LightInTheBox.com"".

If you have waited more than normal payment receiving timeline, but your order status is still pending, please double check first, whether you have duplicate orders of which the payment has already been confirmed. If you need further help, feel free to contact Customer Support.

Example 2:\Question: How do i make a return?\Answer: LightInTheBox hopes you will be satisfied with every purchase you make, but in some cases a customer may want to return an item. You can view the steps in our return process in the chart below:
STEP1	Click'Comfirm Received'then submit a 'Return Or Exchange'Ticket in your order
STEP2	Customer Service reviews your return
STEP3	Customer Service sends you the 'Return Instruction'
STEP4	Follow the 'RETURN Instucion',write down the Order No.on the paper,inculde it in the box and send it to us
STEP5	After receiving package,we'll process your refund/replacement and keep you informed
If you need to return an item you can begin the process by following steps:

Step 1:
Sign into your account and click on ""My Orders"", then find the order you need help with. 

Step 2:
Please confirm that you've received your package, by clicking ""Confirm Received"". Then submit a ""Return Or Exchange"" ticket.

Step 3:

Please select the item you want to return or exchange, then choose your return reason.
Step 4:

In order to provide a more effective support, we've made ""Pop-up notification"" service available as a quick processing path for the return request. Please click ""Prefer to return"" to continue if you do prefer the return/exchange.

 

Step 5:
Please fill out the form, including as many details as possible and uploading photos that clearly show the problem with the item (if necessary).

 

Note:

Our Customer Service team will respond to you within 24 hours.

Customer Service will approve your return and send you the Return Instruction. Please fill it out completely and send your item(s) back to us as soon as possible.

When we have received your package, your return will be processed in 3 to 5 business days and then your refund will be issued.

 

Please note that we currently do not provide a return label or return slip to process for returning. For items with no quality issue, please understand that we will not be responsible for the return shipping cost. 

Example 3:\Question: Why isn't my package delivered in 5 days since i paid for expedited express？\Answer: Please understand the 3~5 business days is only for shipping via Expedited Express, which does not include the processing time fo the item(s). The Total Delivery Time consists of processing time and shipping time, TWO different parts.

Processing time: is the time it takes to get your order ready to leave our warehouses.

This includes preparing your items, performing quality checks, and packing for shipment. Processing time will be displayed on the product detail page after the size/color etc options have been chosen.

*For Made-To-Measure item: Processing time is simply the Tailoring time displayed on the product detail page.

*For Items marked Ships in 24: Processing time is guaranteed to be shorter than 24 hours.

Shipping time: is the time it takes to reach your destination address after the package is shipped out. It depends on the shipping method you choose. Also it shows business days delivery, so please take weekends into consideration when counting the estimated delivery date.

","The timeline for receiving a refund can vary depending on several factors including the payment method used and your bank's processing time. Here’s how it generally works:

1. **Approval of Return Request**: Once we review and approve your return request, you'll receive an email confirmation.
2. **Refund Processing**: After approval, refunds are processed within 3-5 business days for most cases.
3. **Bank Processing Time**: The actual time it takes for the refund to appear in your account depends on your bank or financial institution. Typically, this can take another 3-10 business days.

If you have any further questions about the status of your refund, feel free to contact our customer service team!","The timeline for receiving your refund can vary depending on several factors including the reason for the return and the payment method used. Here is a general guideline:

1. **Return Processing**: Once we have received your returned item(s) and verified that they meet our return policy, we will process your refund within 3 to 5 business days.

2. **Refund Method**:
   - If you paid with PayPal or Credit/Debit Card: The refund should appear in your account within 7-10 business days after the processing date.
   - For other payment methods like Bank Transfer, Wire Transfer, etc., it may take up to 14 business days for the refund to reach your bank.

Please note that these timelines are estimates and can vary based on specific circumstances. If you have any concerns or questions about your refund status, feel free to contact our Customer Support team for assistance."
